run_id,dept_id,pattern_id,ID-Ave P,IDIH-P,IDTF-P,ID-Ave CT,IDIH-CT,IDTF-CT,ID-Ave RD,IDIH-RD,IDTF-RD,ID-Ave DGT,IDIH-DGT,IDTF-DGT,ID-Ave CDU,IDIH-CDU,IDTF-CDU,CDC Score,adj-CDC Score
1,0,1,3.534182144491322,0.23182561199861398,0.3534859208524555,4.0337034778389524,0.14126753897128938,0.11277367835231623,3.0475409069398647,0.3530525912655649,0.5806844128943652,3.706332648576222,0.31873157173006805,0.19791964525891423,2.810627859587042,0.3151376978619479,0.21889627896144603,0.0,
1,1,1,3.7571848960392376,0.24013173534604618,0.23606356175680165,4.164169499959308,0.12202318870603385,0.08135414297512628,3.5759434541717723,0.2765677319829336,0.280446721275024,3.5099446829550507,0.150687714008253,0.4990749900522894,2.8106278595870413,0.1423999413192494,0.21889627896144603,0.0,
2,0,2,3.744175389490818,0.276646748689078,0.3934796552159304,4.051681726683038,0.11272366109284122,0.101299067515934,3.4025028032684275,0.49125400869971325,0.4125563848081229,3.5182735202382136,0.1411678511702328,0.4939661334487139,2.7307483680111013,0.12587648580097618,0.4499274689850147,0.015625,0.125
2,1,2,3.947853004020304,0.12523433004082182,0.2020171998235666,4.124401407324246,0.08311441332826824,0.04610320584395848,3.3943559677473423,0.31590393194663446,0.44948782564943945,3.314287960893941,0.1737777583578001,0.5129743374871379,2.7307483680111013,0.369723956453472,0.44992746898501484,0.01785714285714285,0.125
3,0,3,3.9516528710586534,0.14628071472108484,0.13110256885977042,4.1332610946155555,0.08454433599652438,0.06068473073578245,3.602380816083145,0.24187243078329454,0.33085765191387856,3.389191130255621,0.19910180363043417,0.3149948696381721,2.9249841543803976,0.15568168587972275,0.3367366917728334,0.0,0.0
3,1,3,3.9037017100980895,0.15502901308986072,0.2727917243160158,4.035844552894251,0.26281083433377367,0.10094600449536836,3.5385546318118206,0.19523175394083625,0.1854223262557018,2.857500810818386,0.18074522776958912,0.3041425975474628,2.9249841543803976,0.3668832985578177,0.3367366917728334,0.0,0.0
4,0,4,3.756317123688839,0.20981024835819556,0.2760063867507399,3.9725768915078805,0.22175003068911392,0.15117693526872036,3.273428482383993,0.33922526671874437,0.26366630802964053,3.4305014517067387,0.13450866709858833,0.4344877067704143,2.654894635749,0.23985325986121003,0.5014160541254373,0.03125,0.125
4,1,4,3.7635034820993276,0.23739026735953353,0.30787165857597343,4.077310103508723,0.20655334117736324,0.07949662190694806,3.221382599893021,0.38225677468216473,0.6465218653513483,3.7587724338703157,0.14031464610017372,0.4806752421657697,2.654894635749,0.1485309662005342,0.5014160541254374,0.03125,0.125
5,0,1,3.9683585223801905,0.14887175919476286,0.14946275830956288,4.18392776866208,0.06960696831688877,0.08755646030071736,3.3686132418213672,0.3551408852724204,0.45421593332463195,3.780073758434947,0.19139012592526167,0.3049760682178996,2.999632025017097,0.16816200462681283,0.41610566676733396,0.0,
5,1,1,3.7696093002473154,0.24800881735305372,0.1729530307832196,4.058085092752665,0.150200384213117,0.1271921114823542,3.133489911152889,0.5336936382820126,0.3225226422719767,3.1713255212867266,0.21921996219917395,0.2737625677642539,2.9996320250170965,0.25535163122059973,0.41610566676733396,0.0,
6,0,2,3.7317696474305104,0.23541471919844392,0.22943664999134164,4.066911785664748,0.1970063372909838,0.13672276744479492,3.516441076268857,0.31504055465528114,0.25923842814322595,3.0014727312164564,0.1889192890452197,0.32863390817141275,2.8290207040413446,0.3205646894423575,0.15523753596157494,0.046875,0.375
6,1,2,3.655454779888854,0.29906838538132463,0.3526272221709726,3.9530010662825292,0.26376036929786634,0.14158375827832642,3.1650259381434926,0.6066234500372377,0.27342154932554374,3.4971868914087656,0.3226655873774006,0.2296453375068308,2.8290207040413446,0.20322958064770447,0.15523753596157494,0.04910714285714285,0.375
7,0,3,3.918979467058169,0.09576085542752898,0.11180086990449734,4.160946963975907,0.03565499603726866,0.05218583070860742,3.222955849427641,0.49929681754183974,0.41140125680957884,3.6604241462190705,0.1543951978932586,0.36873386027500527,2.958909229673997,0.23327909544875094,0.2840463337369777,0.0,0.0
7,1,3,4.0494793447586135,0.07142394685003253,0.08419886018351673,4.098662500944102,0.08959573804035721,0.10810309411868006,3.4315124973513775,0.20040335698685083,0.4216550410046739,3.6573436858582684,0.08743002086612328,0.522545920187219,2.958909229673997,0.2171040214151605,0.2840463337369777,0.0,0.0
8,0,4,3.885865132852681,0.16644912401020012,0.1323543157128793,4.124202151277861,0.08074096894794226,0.07842077679091479,3.5720018262173094,0.17544365490927455,0.3048277376239584,3.3971076993173193,0.17234652592639688,0.4437295829682865,2.8883937309945646,0.31911548459714084,0.2534972411667858,0.01785714285714285,0.0625
8,1,4,3.8210541705629537,0.15726120249789136,0.2252250373674432,4.067807585873512,0.15007691938661463,0.1132374857389338,3.2186771175224367,0.28128647439880716,0.4042753777670303,3.6695639835241036,0.12132656544305588,0.44236266164156024,2.888393730994565,0.1476966065728609,0.25349724116678596,0.015625,0.0625
9,0,1,4.061769536509945,0.07936764226766956,0.05797169494934933,4.171711202999212,0.09193573676464414,0.04370726638057697,3.4665696659733345,0.3115618514146061,0.3211256569947432,3.660942673190766,0.08991785579059114,0.41172094234327256,2.8635790758247706,0.16155593013091338,0.32780473791591813,0.0,
9,1,1,4.003075656452884,0.12862565579422036,0.12348724813820663,4.176544913611292,0.03866289784921094,0.04422705995652936,3.677916671547822,0.0786426080314633,0.15763906776714506,3.3284329480978085,0.10001438127779506,0.5453506545623396,2.8635790758247706,0.2675114342226777,0.3278047379159182,0.0,
10,0,2,3.698325935984616,0.3671327756413369,0.2928061115392302,4.142049707528225,0.061369028547215924,0.07572306692332574,3.2803598963298564,0.19026999885478854,0.3374477727668024,3.517847751331602,0.23797151182355894,0.3420254890323437,2.7500931310513286,0.1993407079020306,0.2730762149639803,0.0,0.0
10,1,2,3.410538598587517,0.38860685764896424,0.2972356791933002,3.8613290870928876,0.35704341372560616,0.20890428048517448,3.364706574152556,0.33227155037997863,0.2769199379472222,3.1950304086956542,0.13697279695647252,0.3841045228001005,2.7500931310513286,0.31319284306585804,0.27307621496398027,0.0,0.0
11,0,3,3.9139308662682066,0.12336343544355904,0.22015609513397982,4.1525161884084865,0.06969307450747919,0.07357689559115067,3.514973584990684,0.38371302325855045,0.2416298195731609,3.547779882233056,0.12499552107005914,0.3897541429730718,2.7883352348648143,0.11394419375950024,0.5856931550442829,0.03125,0.25
11,1,3,3.8579922720192323,0.17188894731754403,0.10043977030200052,3.9871054609726064,0.1372475541551809,0.09184821069566328,3.518080769223894,0.38749691969476163,0.29995386981160826,3.277637152391983,0.1152746126565068,0.605498079167411,2.788335234864814,0.21212993394538127,0.585693155044283,0.0357142857142857,0.25
12,0,4,3.823057804520311,0.27700823282041687,0.2798327134646994,4.170629866821169,0.09461890604580687,0.05034065732869941,3.333578680907349,0.3876568261830527,0.5215051869449138,3.7491245788443206,0.08740344361591716,0.3134439538054613,2.787415962922649,0.28019136719914545,0.32087327923786574,0.015625,0.0625
12,1,4,3.726057830566681,0.19372606381374527,0.32183511739933834,4.110399400216904,0.10440417037479656,0.1098182199162279,3.35042063066221,0.42237669066954076,0.4690419895004757,3.4293075771703303,0.2436274990791899,0.2926485369446086,2.78741596292265,0.37332088289125215,0.32087327923786574,0.01785714285714285,0.0625
13,0,1,3.9188326526895834,0.1380676616254965,0.12296546023157173,4.151675982804908,0.029664260870323055,0.0580578639084259,3.461850241838624,0.34737504880524944,0.3223134994527829,3.511781859375904,0.15071390949454053,0.4847207535734033,3.0835879764448864,0.1302481661402219,0.2770763610131204,0.0,
13,1,1,3.9146978388821587,0.13662481311337596,0.17646777330393046,4.0796723037594465,0.1584938222107813,0.12877798624298087,3.4578678554261817,0.22117845979391465,0.21967287749680053,3.075668620944757,0.2078531530900956,0.31481716586168945,3.083587976444887,0.07091041418347652,0.27707636101312033,0.0,
14,0,2,3.9464805288122036,0.1914926253540453,0.11355556398857468,4.121498443490229,0.0523913768339262,0.08027132061875143,3.482794636841404,0.3287875078333466,0.3760969436125916,3.5841883660910248,0.1563329912920298,0.47590235345695286,2.819301874514693,0.20519677553427107,0.1810295978919324,0.046875,0.375
14,1,2,3.875488942545849,0.23242706934180457,0.26544034518112014,4.121001308300679,0.09020669634052601,0.09127156157859977,3.267776391496196,0.41939427841133453,0.26271244245331893,3.58554361022805,0.13401582610475918,0.3144043371386474,2.819301874514693,0.39180531011690933,0.18102959789193243,0.04910714285714285,0.375
15,0,3,3.997417658287486,0.07966800736114092,0.07368788006675182,4.078040015531208,0.08393569635041778,0.10079090089804829,3.4813249734934386,0.3874177758954426,0.5025595190305829,3.832882983170805,0.12383247397315743,0.4647713287867675,3.040523105865838,0.17694088061136085,0.21363097478443055,0.0,0.0
15,1,3,3.9792577905167184,0.16901460818594577,0.1613982831973917,4.099279903942877,0.06321952660691557,0.09069898846495009,3.5234859749150864,0.20508450892484412,0.21522354886416356,2.894134165604656,0.14036537432617163,0.2837707038456695,3.040523105865838,0.232666780706655,0.21363097478443055,0.0,0.0
16,0,4,3.843258542547001,0.180225947473321,0.1786242229087501,4.068563297163279,0.18310941184250887,0.09402054130067901,3.2611483245305197,0.4775120503289123,0.47796223581895486,3.454024956188312,0.20681735840327653,0.32065454866939475,2.6821180056334737,0.20158301638754433,0.26871874667706647,0.015625,0.0625
16,1,4,3.841420073526099,0.23332911091953698,0.24372452337163053,4.098396741582493,0.13442791925307082,0.12375645117265471,3.236789846181388,0.7512225845839082,0.7058650630147575,3.437333513591404,0.21092234974849386,0.4578699469524055,2.6821180056334737,0.20289378654106005,0.26871874667706636,0.01785714285714285,0.0625
17,0,1,3.817211131049165,0.23513075852938564,0.23210129111533723,4.152020260807209,0.058423292850225135,0.1011478359819813,3.5680181242817612,0.18149309396595575,0.23451314394892747,3.2082756713213763,0.22180591800011024,0.5458146922243255,2.9128100604285794,0.28224174377610034,0.38774985049903815,0.0,
17,1,1,3.9267151322859744,0.12632885727167992,0.16429943943454303,4.118019372954906,0.09790490681235084,0.09857763252134336,3.528565896478028,0.15432762054461016,0.26882751150922796,3.392412957487775,0.11861676381548815,0.3101620287810049,2.9128100604285794,0.17368736802230297,0.38774985049903826,0.0,
18,0,2,3.9858536079702103,0.12604661951747906,0.13496218824511733,4.134341053465649,0.09227650478857576,0.10850520903411384,3.227286988567596,0.2420231355138791,0.36896971282353175,3.304889387396772,0.1352187184778573,0.3199427178004266,2.843286613571084,0.2613669303040244,0.24773493310962422,0.0,0.0
18,1,2,3.963138485076651,0.18270871190912683,0.16442696999972348,4.068423795838686,0.09371008012863724,0.08610073501038457,3.5754722533465944,0.3509420317161307,0.4232366901630463,3.5293001096703374,0.1729845222525465,0.38003310697080867,2.843286613571084,0.14436631687216872,0.24773493310962433,0.0,0.0
19,0,3,3.6210976950774336,0.5085825525027162,0.2721458550300914,3.968825024499911,0.17563954474126106,0.11056238340968334,3.498961972767066,0.3163584313050738,0.2868383831042272,3.2690199852385504,0.17368553290135857,0.3213242693520197,2.8077130548478757,0.25050720678044475,0.1703165536808467,0.046875,0.375
19,1,3,3.939299682077828,0.1330244330159275,0.1483816551976835,4.165367227705055,0.08852813513533357,0.07462053152529842,3.4611455685694144,0.26319025308664074,0.3254202428341995,3.5107015467484195,0.27944414322424876,0.4812306005091963,2.8077130548478757,0.17300900686289658,0.17031655368084664,0.04910714285714285,0.375
20,0,4,3.5356826721736576,0.3271272223360844,0.2824774376581888,3.9780649174223752,0.11404695034456597,0.09199306966767343,3.338517598869132,0.46625040858793265,0.5023104872058399,3.465477683725118,0.12345067788135747,0.3035067941882628,2.789693397475897,0.211419966155838,0.3430827470571871,0.01785714285714285,0.0625
20,1,4,3.7911537254631327,0.11591593132375623,0.31551901212979594,4.010251937018408,0.17656595915901085,0.1888355614302886,3.379266663227656,0.1891675645561699,0.4770358607238222,3.4876428358448703,0.132045723930206,0.3821047245651609,2.789693397475897,0.23487415203318457,0.3430827470571871,0.015625,0.0625
21,0,1,3.9554235780568683,0.10358981684586491,0.14634308132047444,4.1514472487369805,0.0736270354337534,0.04100762703432951,3.4842134652366656,0.3698067484701589,0.1205709731312253,3.450503867508599,0.2695775346055994,0.38030052407888465,3.109722683546576,0.18896535184518168,0.19063903206984575,0.0,
21,1,1,4.009264700743455,0.06044673790388473,0.0890594229876148,4.11927695598356,0.055094682847832546,0.09532665684403148,3.4856480754877386,0.24769334843103788,0.5344240046049773,2.7832919569571195,0.13777355168131236,0.33592941011451033,3.1097226835465763,0.3398196042994621,0.19063903206984562,0.0,
22,0,2,4.025723856199643,0.06908049352909841,0.07133880055735325,4.15511163861422,0.06890564561490663,0.07384999973658518,3.377856214931032,0.26216387360166066,0.34997075712239695,3.5212467457020757,0.13947105238632287,0.43940420957840737,2.7393672042603057,0.12185371106724949,0.3191155723251758,0.0,0.0
22,1,2,3.7679571963163,0.18543558606382377,0.3645105050340225,4.07084858477778,0.16488629864547155,0.13907544457463702,3.27529397839993,0.33515324573621513,0.32395416194152377,3.7580086680010503,0.158274127878114,0.1818099018325236,2.729995683578763,0.10590171977857263,0.32246130135187867,0.0,0.0
23,0,3,3.6979197925500995,0.2387958764636441,0.38884068422924345,4.13086872832659,0.0858434428919564,0.06554022327313323,3.3734555944243483,0.30422817236949096,0.184675404318133,3.1083524173602095,0.1804157398374146,0.21374854942639987,3.2107326288342235,0.35945579030863306,0.28716616729636996,0.0,0.0
23,1,3,3.99908412884955,0.13803552320528392,0.16570424532123962,4.136767702743365,0.04763736493676688,0.09714287106162857,3.509121301166408,0.2418984204270498,0.3249924485980129,3.232999064097947,0.2747064547294682,0.4307598668113077,3.2072811847833984,0.3295950312776798,0.291675251391215,0.0,0.0
24,0,4,3.8119246652105936,0.13386110817182031,0.29872410868419114,4.102031477079307,0.07494986378657477,0.08059830605807251,3.464814283668127,0.3398516869023192,0.43515319919054485,3.4419545883430738,0.15290077311414335,0.36719719740726026,2.9009197520742993,0.2113736251764722,0.2073191222690909,0.03125,0.125
24,1,4,3.56960980619685,0.3606899834703469,0.22743719509205187,4.02374302507133,0.10105871212470625,0.10322526006719197,3.2503194137935543,0.23167373207491945,0.42077149895733146,3.1639061412478355,0.13877343562939706,0.24784825113390235,2.900919752074299,0.24440357024642612,0.20731912226909105,0.03125,0.125
25,0,1,3.9065710378805254,0.19311380970754152,0.2034209407103429,4.114912592604635,0.07721627898880767,0.05353656005784618,3.42054687024125,0.2002247696508041,0.6027110179582774,3.385070143815393,0.219722053522526,0.3740822887187436,2.9467043249194895,0.16419254143502027,0.24091635260280053,0.0,
25,1,1,3.989498593421151,0.13909541914966816,0.2232714043193408,4.153837842821843,0.07745584847406668,0.11584978257878517,3.4290733195652208,0.19925139466969852,0.4066876887506845,3.4867440504799823,0.14142140690337043,0.3834764667738154,2.9467043249194895,0.20097586411237386,0.2409163526028006,0.0,
26,0,2,3.8738963384151863,0.10475245244847742,0.206118391737238,4.140720593808403,0.039355141974751644,0.08500379415340205,3.6293423508882348,0.14933129624023314,0.18461287867896006,2.927452747223415,0.24421950983009774,0.3610802519444319,3.088322419227395,0.29363470985691115,0.2480319134335899,0.04910714285714285,0.375
26,1,2,3.7020770006909567,0.11208664855618747,0.3562997129116817,4.089024763901223,0.18038072163129312,0.10777933741032762,3.4203121844948914,0.3334213825616045,0.44368876798319046,3.4588653760196797,0.20727757544681663,0.37982786983532835,3.088322419227395,0.20115525527711653,0.24803191343358996,0.046875,0.375
27,0,3,3.9375307878009536,0.16685420163961764,0.21258594985995427,4.1607459615820614,0.0659729423606253,0.07742938524628698,3.5359575134564873,0.26191404104759314,0.29663226073879123,3.5885585511444082,0.20013908070553663,0.44418775940685734,2.707932884423896,0.3059428314956471,0.3605165523740539,0.0,0.0
27,1,3,3.9118577801370855,0.1817247204143208,0.2025903877085176,4.179426453424368,0.07781406649574496,0.07057450395391543,3.398501899353434,0.32903431009352124,0.46589112559684315,3.8952561002007924,0.1731001946034521,0.33398076508063973,2.707932884423896,0.24803152147539953,0.36051655237405394,0.0,0.0
28,0,4,3.8832118160878357,0.11123137605904723,0.1112858137688024,4.0635853905512915,0.10727770148586713,0.1168059625943373,3.5468225155433855,0.34609509015115675,0.27333618138447224,3.0164940218381457,0.19195435335900204,0.36251828379368845,2.8790070495480102,0.25470181038063633,0.2696525800793084,0.046875,0.1875
28,1,4,3.961871474492359,0.1098182508904867,0.24437302899118915,4.118357142099972,0.11515447973762122,0.14048144929996773,3.470578991802062,0.10848695752810525,0.32588380599018024,3.5097205642625053,0.11480976392032549,0.4900389317599315,2.8790070495480102,0.09528183673789217,0.2696525800793084,0.04910714285714285,0.1875
29,0,1,3.627374767969272,0.4063403726317076,0.3107399349324103,4.029477708489812,0.08496700956199026,0.16165518658809758,3.3532897983176437,0.373766662802828,0.5850442065422602,3.6452445814010823,0.2065742866466635,0.25262509429761004,2.519947049984949,0.26236285189187525,0.19210695931517455,0.0,
29,1,1,3.860765292313956,0.20290946369708132,0.15574820219941637,4.029487654279264,0.20809423240649513,0.18640523202794476,3.246833568673321,0.4766500705210226,0.41815805407227197,3.4884625802463782,0.2522648000007353,0.3072750464963552,2.5199470499849483,0.3061078387003286,0.19210695931517466,0.0,
30,0,2,3.4487184384565266,0.5053613048575525,0.416128007591242,4.066258150204964,0.16945511304101382,0.10583412680900929,3.6281057275976076,0.3660574191774432,0.20305042087303238,3.6624772136207793,0.17609083395710123,0.3556393122405355,2.7616323697737877,0.11856639881832963,0.21269891436427696,0.0,0.0
30,1,2,3.9199740014077555,0.174666986685906,0.17720623978833583,4.0816924472444605,0.10279994141481814,0.13155656507650687,3.407703546012162,0.34544671380598607,0.360340053468717,3.123737788496189,0.21648015704201157,0.26867258900796553,2.7616323697737877,0.3512235693152512,0.21269891436427713,0.0,0.0
31,0,3,3.5587570909341077,0.33002540756747084,0.4591558932046179,3.9760671068548805,0.13877600712205176,0.15373311312206522,3.283451767800196,0.5582529858687945,0.6563080567178264,3.6373255875296318,0.09475399832232158,0.21907873707823664,2.857985930708139,0.25794859019530564,0.35119756969490434,0.0,0.0
31,1,3,3.857805517626865,0.2571166229481126,0.3130669944514119,3.9594993178833633,0.19760261695507442,0.20189686605450655,3.207983868343698,0.5573879362546836,0.6425141677336119,3.123855502701531,0.25246201378582606,0.1901007592096787,2.857985930708139,0.18117816641461176,0.35119756969490434,0.0,0.0
32,0,4,3.7139702103608947,0.4301501235738523,0.1892776766046445,4.043339469949631,0.1616954933565023,0.05829151912437267,3.1868714825969113,0.4784105804180458,0.6911550227739947,3.630516716610607,0.18326490742394663,0.36075186320230945,2.456770628443846,0.16102283022482988,0.24210881645833232,0.08035714285714285,0.3125
32,1,4,3.9077632287538315,0.15978921494920806,0.18115874814891486,4.162517121949224,0.05562617527262411,0.09089289814691975,3.541806188572847,0.5828447766505446,0.34001381640782374,3.9911244551500866,0.039236396662452475,0.346590110232316,2.456770628443846,0.13077553418102938,0.24210881645833227,0.0825892857142857,0.3125
33,0,1,3.7993235555738747,0.13698866332173487,0.19329216054802592,4.161299882279755,0.055108540403804265,0.11338078549059925,3.610203378011442,0.3152451210096027,0.3019109753704221,3.5122732713527465,0.19109828813635268,0.5526476364477566,3.064074939587026,0.12573091735632763,0.45364262877667816,0.0,
33,1,1,3.9679828912960597,0.12413623825131896,0.19079450296524314,4.085442650765467,0.11338307490170747,0.10837720585348408,3.427313359726098,0.23172791296068865,0.3463218079362861,3.08907326794997,0.24560746891877458,0.4072362342533202,3.0640749395870266,0.27113327121065556,0.45364262877667805,0.0,
34,0,2,3.8212142689191895,0.15345718530973337,0.19593808745290808,4.042276390064714,0.09776260557697537,0.14956311452968962,3.4270923580414694,0.33148597223821863,0.2952045696577515,3.3606185620732547,0.13044252337277296,0.37616113910155724,2.9721615968719832,0.19494727706088083,0.3968190570819267,0.01785714285714285,0.125
34,1,2,3.7728762528751356,0.14462063776272105,0.23555438037755405,4.146876252790222,0.0884470241674265,0.11560457020520286,3.103144917620384,0.42197325270465896,0.4497394888938511,3.3320364336880366,0.2504237253985369,0.2446834783731651,2.9721615968719823,0.22767899770186542,0.3968190570819267,0.015625,0.125
35,0,3,3.831491898055895,0.23928753814113563,0.2817753453889656,4.164156923047403,0.041167000577710354,0.030325040663351868,3.4974812867976244,0.3610105084671391,0.2016202241257934,3.7561420688427822,0.15574815675688328,0.2675523685013183,2.842768765655248,0.21356064566899366,0.21429229814154324,0.0,0.0
35,1,3,4.003879323922388,0.15726638256749922,0.11300470672977428,4.11077332069857,0.06692064416223845,0.11384479224312705,3.5906176863396473,0.354603604893487,0.24088301023174669,3.4489583977673504,0.15153734328147397,0.3841603053382641,2.8427687656552485,0.16567648048177455,0.21429229814154324,0.0,0.0
36,0,4,3.8554276159824803,0.22426770074412067,0.2111058411819341,4.082920763054814,0.05523868480835549,0.0996029227120908,3.365719967704304,0.33852498319809515,0.29507444938327065,3.385030365053649,0.1841487036946463,0.373377781539665,2.855375533000465,0.1596953391212498,0.3477000074255844,0.3169642857142857,1.375
36,1,4,4.05852414163083,0.0703876059177967,0.053210412690932886,4.174499092534752,0.10418444404242184,0.07222231791280682,3.353075752598606,0.24985229787392552,0.5189901768714996,3.4322678420619632,0.22878782774441966,0.3842983697529874,2.855375533000465,0.1157475258447568,0.34770000742558443,0.3239087301587301,1.375
37,0,1,3.9191051025205446,0.1374880996480464,0.15435488448866178,4.152693595701573,0.15423371499974795,0.0950987317670445,3.527214475153961,0.23050043101916554,0.387831642299633,3.3363697415014166,0.10096125925734066,0.4867136697148465,2.967292797063279,0.2085001013556491,0.18275251983073018,0.0,
37,1,1,3.6829746509538555,0.24206097834161763,0.19675111452043592,4.119459393144488,0.11006798992638667,0.12914418160025679,3.666098839693965,0.1892408576798811,0.27498242285690044,3.0629125809982503,0.1998281322308958,0.32066791156959984,2.967292797063279,0.3140660921697093,0.18275251983073018,0.0,
38,0,2,3.7975903115119265,0.31760832274461537,0.25361188723415,4.069618131419341,0.09580667249783015,0.08770779717630586,3.3490224269776014,0.35292495137078667,0.5181420477421688,3.8292095875350745,0.15722634514453615,0.15644490800817382,2.9318974929257813,0.2694996127466864,0.21946606069151967,0.0,0.0
38,1,2,3.944645825679302,0.21056893392727924,0.14263786606834852,4.109186607073368,0.11113930028091826,0.06987959582943404,3.3752570660547123,0.3180728762036762,0.27944172761104064,3.127525789607553,0.11794941461357485,0.11677720247843061,2.9318974929257813,0.16881420823716348,0.21946606069151967,0.0,0.0
39,0,3,3.8497484419954793,0.2260195638430658,0.15306447442040846,4.0687432738787725,0.10812747793164391,0.11121257320757656,3.1044897642957645,0.4721579734793544,0.48343865377697837,3.495653012757049,0.11470318035013266,0.3165381223514237,3.0756949801564883,0.20559039924600886,0.24354177311006298,0.0,0.0
39,1,3,3.9378498139624747,0.15810272733658043,0.14879580181637167,4.195154481798015,0.08834382608006681,0.0798262664728252,3.291948829634368,0.16387847405762157,0.3172932399960731,3.3978236586179515,0.17668084561893801,0.473965822943995,3.0756949801564883,0.2971398996908242,0.243541773110063,0.0,0.0
40,0,4,3.878158378630672,0.12326727133636929,0.2951140235292304,4.12954275851642,0.05385943570869261,0.1058832922621351,3.589398033731491,0.22338689115454274,0.4920459302858278,3.439622954162291,0.17937964224794808,0.19834205488959403,2.9164979282306382,0.11299812367298313,0.3320843440709478,0.0,0.0
40,1,4,3.7449095836608497,0.4176557774366328,0.33101024225743364,3.9987360232435285,0.276710902744401,0.10246199402212659,3.2986901253988457,0.40634446851717215,0.37719676530549956,3.353900404282995,0.16223230558791574,0.4553830608861967,2.916497928230639,0.20264897332940227,0.3320843440709478,0.0,0.0
41,0,1,3.829620472311304,0.12944432437389325,0.19423420668749022,4.119751104667175,0.11356591307337058,0.11406367987910938,3.6883117193490755,0.32794186581015905,0.21676568197291737,3.7305252955068204,0.21363309412475556,0.31675727086927313,2.9497519785544006,0.19553193704156172,0.2803882557666209,0.0,
41,1,1,3.9710119712651113,0.1746681283654321,0.1500249909662411,4.189603346537377,0.08431981511397198,0.09389296064908201,3.2564212143721054,0.38197616646193444,0.3850752181230808,3.271324624506902,0.12365080266254301,0.32560425615932814,2.9497519785544006,0.17738769263991785,0.2803882557666208,0.0,
42,0,2,3.690920787733325,0.27491292053418115,0.3153985556753981,4.010465565205742,0.1450918721608862,0.12900357610009747,3.6412253681948874,0.2448347112715055,0.4794932202048545,3.223361670150658,0.1428900318409321,0.48476906837358125,2.951166075177965,0.28760294176265766,0.3030285757395171,0.0625,0.5
42,1,2,3.9701720728352705,0.08187937540364225,0.13539851810948736,4.086066987968232,0.09669827536494173,0.12366086542043356,3.2777947413724347,0.35881070290620987,0.36305765194806283,3.31719432360644,0.1229615368753194,0.5341548521679094,2.9511660751779645,0.10451433653692303,0.30302857573951714,0.0625,0.5
43,0,3,3.8977113187881307,0.13888169703703757,0.15315090113181873,4.170108177816177,0.0768245845131819,0.07168627196335339,3.4857231610679285,0.3995767375897528,0.27631686890113105,3.618819214125879,0.17375798554940156,0.41730488741738325,2.7803088190124052,0.2672956667561997,0.19183477406120858,0.0,0.0
43,1,3,3.8564817648504066,0.19616895583012461,0.22000074155098615,4.136872298091874,0.09226497817074979,0.1135480391616009,3.56996219065188,0.28049045654737836,0.2428588533058754,3.396533895302923,0.1895159295798198,0.3476865765766223,2.7803088190124052,0.21156731569175363,0.19183477406120855,0.0,0.0
44,0,4,3.9233825034498397,0.11747498945455571,0.16044321032886494,4.0664766295524135,0.07449252732830919,0.12117971328068579,3.2489645516451153,0.23691388234425048,0.2921907085356879,3.285615843071516,0.15610532141928657,0.39556375101939834,3.0654966973090874,0.20706855684734798,0.21861127681604725,0.0,0.0
44,1,4,3.674034478314327,0.38756160440337345,0.23726269993802007,4.048995616509998,0.1611522287025085,0.06321890451540307,3.464421258118065,0.2850091859605248,0.3229762445528525,3.1143220631501616,0.11674515385271267,0.43041730552267193,3.0654966973090874,0.24379583775733257,0.21861127681604736,0.0,0.0
45,0,1,3.8447081555058995,0.14544022245949245,0.3338082860170513,4.083705388551557,0.09283191859381007,0.15808504828476813,3.479223232658847,0.46514698750565603,0.4101771420135021,3.5542393220610067,0.16013064867935722,0.42812428220564475,2.985028145030802,0.4682808095848704,0.35181044255551625,0.0,
45,1,1,3.8070815229683146,0.36791427984690034,0.17193003202568388,4.189606918103631,0.0654991120449422,0.06524788223408298,3.500350630339018,0.22446677052572128,0.42179217684289394,3.665158741227477,0.17732505501875107,0.24183241167996314,2.9850281450308023,0.27704528688550867,0.35181044255551636,0.0,
46,0,2,3.74694893424907,0.26978021800134566,0.22310038014547612,4.014798712092206,0.28592303891453585,0.11382561713280812,3.7090109371549533,0.7082363199515432,0.5991858441742449,3.9663963605549784,0.09972174087227428,0.18039681931197046,3.0025281742911196,0.23517847517056673,0.25921741315053665,0.0,0.0
46,1,2,3.8972659349059455,0.14808667354866528,0.24441995583873077,4.110858997458278,0.1194808916560876,0.11085608675438266,3.513381692903707,0.2866144553735778,0.27661495802923464,3.422857528621433,0.08415339964573294,0.5972984086330863,3.0025281742911196,0.34636929456087756,0.2592174131505367,0.0,0.0
47,0,3,3.748042818250741,0.22706690840517196,0.1994975773359733,4.0802059328768845,0.19900873183375828,0.17142046794986612,3.374437121802954,0.5440195878875881,0.44539141061874954,3.79801903112309,0.10070861462310685,0.24493771605417508,2.6148030314468023,0.23856791511796258,0.2543631032880642,0.0,0.0
47,1,3,3.9562083989766452,0.08519390847059324,0.16401805723271937,4.1474840555449015,0.05221986468783364,0.06191571366470862,3.543663733807666,0.37715046569397637,0.3115172206045628,3.856592850283236,0.10604832722534042,0.22820612018382244,2.614803031446802,0.15558717268612307,0.2543631032880642,0.0,0.0
48,0,4,3.9427412804196647,0.1656329192029118,0.10993118123153205,4.045075517678403,0.1876243697333551,0.13570903547783977,3.2326522316999036,0.5634220109399024,0.9028787299333199,3.9802229257679635,0.13883502960809463,0.30601036057653336,3.0361594027167516,0.19032763500656674,0.4735114824699557,0.0,0.0
48,1,4,3.772926250349692,0.1637954948822686,0.13778887257113612,4.173986722830861,0.09673242818215436,0.09872939565487912,3.50115439710099,0.4168677994182612,0.22086228101790298,3.6253434310213986,0.19643004468206177,0.41774085062932564,3.036159402716752,0.3699780146544363,0.4735114824699557,0.0,0.0
49,0,1,3.8414671497439943,0.23556521121185922,0.1975354637833451,4.134134481686362,0.05877423054966314,0.0927822471475651,3.3817148132582573,0.4409242179064725,0.30847007324602305,3.6617492110013883,0.179478973015815,0.3665704667729433,2.5372770256689106,0.1984265890532327,0.21535810840051017,0.0,
49,1,1,3.697416968248187,0.15337600782617591,0.20188329701294186,4.0813650038193865,0.10259623667931406,0.11052232495324166,3.3000795224338897,0.47997654921396904,0.5116243457012664,3.8094720742345096,0.15817647738532253,0.4111403092320372,2.5372770256689106,0.22801072613502793,0.21535810840051012,0.0,
50,0,2,3.504966417222996,0.3600337476332234,0.3674256991037034,4.011372003248363,0.18832347553596418,0.12357744001769486,3.253128835576997,0.3905665129923564,0.3129496067953997,3.679738668440515,0.20865840486780987,0.24406702948496117,2.5706413512370934,0.2534328824759973,0.4096853800583628,0.0625,0.5
50,1,2,3.980029111302128,0.095636756905627,0.15896321115028986,4.130981767922789,0.10464074048041347,0.07298908027510193,3.478251041552545,0.29564047079249295,0.45690052387179797,3.6897437809912765,0.1744642595104517,0.41508763707122504,2.5706413512370934,0.1896405665447423,0.4096853800583628,0.0669642857142857,0.5
51,0,3,4.033872778827161,0.05588186369483033,0.10574101828614056,4.135140878849897,0.0649380332426207,0.04502065790139079,3.519043479273716,0.33359800284774954,0.27552305319026527,3.430491631516293,0.1792164448495258,0.3271881925186944,2.7667508193233297,0.20919655111737995,0.40678436136708607,0.0,0.0
51,1,3,3.951599130347251,0.16494643211343338,0.14001715185836117,4.1236446353297955,0.09274894685759208,0.055520882754907096,3.318326933063445,0.3955666288939975,0.5759214102453737,3.369328361433585,0.11332790096475943,0.48939765127522883,2.7667508193233297,0.13548782331375125,0.4067843613670862,0.0,0.0
52,0,4,3.7790108941665386,0.21602201207826238,0.266162344139171,4.1808718321562,0.056201876570621964,0.06289746110543339,3.5804342480114375,0.27193907814154555,0.16725294444910396,3.3783297033059023,0.21533449187925258,0.5685887091718647,2.942202304853319,0.16344954988525573,0.3194025014508475,0.0,0.0
52,1,4,3.8223759378561604,0.3049242269411814,0.2560753167938729,4.092860893145343,0.11358943726276147,0.06302392954746541,3.47655254480582,0.23866369517257885,0.21958062377054466,3.1552518824696034,0.09468011194336842,0.43992547206430893,2.942202304853319,0.22660360434578572,0.3194025014508475,0.0,0.0
53,0,1,3.7358913826835143,0.37795136020558195,0.28400182577722866,4.112399241158586,0.11397336649973439,0.16373551165304426,3.594470107733549,0.29133439290559454,0.5801629273135795,3.7635698368633834,0.08933268518008461,0.32761053974020893,2.607957544363445,0.20355956576972617,0.20357854108391316,0.0,
53,1,1,3.725006828189664,0.4520667161859217,0.150624118563589,4.0787475314433435,0.16132655185842884,0.15034823430245658,3.442111755527126,0.4541802066927306,0.7462979516896691,3.4295860707954935,0.23351597222837886,0.4572138375152902,2.607957544363445,0.3532820889943167,0.20357854108391316,0.0,
54,0,2,3.7328268866333656,0.22774556573455393,0.20872557232242153,4.007289016449261,0.13298393882206666,0.22005451923346553,3.2590266045539664,0.3261318986613396,0.465640275953368,3.7109138593215643,0.12503584281498684,0.32644227949065696,2.961252655508756,0.2712948920081375,0.31617814702790226,0.03125,0.25
54,1,2,3.732627321889641,0.13731328072910387,0.27913368105133296,4.134058835961364,0.07162911226216909,0.07354680635352688,3.531684051695698,0.37638168517716225,0.386305298060388,3.681481767626908,0.19254229452211946,0.3382982509088178,2.9612526555087575,0.18991360655112338,0.31617814702790237,0.03125,0.25
55,0,3,3.623772081250352,0.37593078773372984,0.24243555077595047,4.004014849262663,0.11231042447575049,0.134741281587169,3.170110717999623,0.5239706105992228,0.46587439781650597,3.3754818028193085,0.12053753723072713,0.47067421447357194,3.1359487156669923,0.1393661322780179,0.08326748512444665,0.0,0.0
55,1,3,3.875419741880214,0.17288712410027446,0.33503811492631386,4.175622326897316,0.12089553122267199,0.0976333695818994,3.6237540463305598,0.16957602918187575,0.24173801592700872,3.2331380453970815,0.3247248110705815,0.30603446951376506,3.1359487156669923,0.35177516534893055,0.08326748512444654,0.0,0.0
56,0,4,3.7487310434252343,0.27924881328055967,0.2816753094340661,4.095871063140374,0.14761529515479085,0.14650362677411577,3.263443594075817,0.44899521689947675,0.6425779263954859,3.7740023072099045,0.12821074116254869,0.35341025459218567,2.653987026423683,0.19535030305046946,0.36023172520828595,0.0513392857142857,0.1875
56,1,4,3.7913208802838176,0.4600742494830845,0.2107019532040677,4.055498150580404,0.18430143778006505,0.12390604665055235,3.150530721336829,0.7773120840851788,0.5691058269828089,3.5691193725232315,0.18573135489725193,0.3989143542390205,2.653987026423683,0.10143931615156608,0.36023172520828595,0.04910714285714285,0.1875
57,0,1,3.938303323039989,0.11731578652055945,0.18957797486951763,4.117550273246012,0.16043710161014132,0.08927752543411498,3.545196788024663,0.28898508331897443,0.24172862627080577,3.485537808606572,0.1731855866175303,0.43087648861832,2.9757972818976817,0.16780866530893734,0.21581122309093614,0.0,
57,1,1,3.964040724494641,0.12696499598913458,0.1771874980825098,4.086282859744939,0.0774656678245611,0.09855540072527483,3.5448404936592057,0.3033705789644509,0.3105592899009107,3.115527115551037,0.11417009831817616,0.44891926214187,2.9757972818976817,0.0972493872512457,0.2158112230909361,0.0,
58,0,2,3.901955408820354,0.2392044303520655,0.13225324537384459,4.007645951703073,0.1108899759466103,0.12296692093219358,3.360329146201186,0.5803044801731156,0.5339556867909351,3.561566538377817,0.24001413457349383,0.5366773453368839,2.9686071135396923,0.21549662058847197,0.28717764969410736,0.0,0.0
58,1,2,3.9993824062585523,0.08447575453126187,0.24648785201676107,4.095883285025715,0.1334396979104046,0.11283516710692801,3.4975510571360044,0.20170758565637928,0.2133347890711059,3.409806093483014,0.12923452821710324,0.3006389494610869,2.964578156792063,0.18899982049927935,0.28341738875938044,0.0,0.0
59,0,3,3.763433954416505,0.26381777478733537,0.38052531933357475,4.067729844486238,0.13752141512537253,0.08361776497899517,3.4171983991078374,0.36704890487280956,0.5007768486407882,3.2814957219970537,0.1724850275781214,0.6469013210325414,2.95742695317345,0.17030865536279582,0.344367939891844,0.0,0.0
59,1,3,3.989658505975954,0.09457941530551495,0.07802153814665855,4.081391649704114,0.190924132332634,0.06810054185324343,3.445183839735246,0.2815814752898005,0.3744213423482671,3.1160298158453648,0.2390043059968708,0.35588655749515913,2.9559655020015754,0.2710496707758012,0.34662888358283456,0.0,0.0
60,0,4,3.9622575477424204,0.09835684042152724,0.12091344239322843,4.111176065879716,0.1141223659915021,0.10940079471560045,3.4652497413566086,0.23864204000411735,0.3794502901982292,3.3215565963039113,0.1117060289434821,0.38703099263879,3.018058778688568,0.28467773421471076,0.19871130179829607,0.015625,0.0625
60,1,4,4.035811323240951,0.11629191698287718,0.08953140857190907,4.142938224824144,0.10213783423783232,0.08518463182646739,3.102502124967087,0.25031158084738564,0.5526434764884174,3.140212316257205,0.1918968550121517,0.2230955181388212,3.018058778688568,0.25528755484710836,0.19871130179829605,0.01785714285714285,0.0625
61,0,1,3.903076133543563,0.1611922791113269,0.1506263986630757,4.057234276651374,0.15905688599752613,0.07291304837747191,3.269269772584433,0.4275280095404684,0.3028700360679155,3.3733026792296537,0.20059484618653275,0.2992721781353946,2.6541663186005775,0.21280046741878572,0.3622907441945424,0.0,
61,1,1,3.8579980892722863,0.30294030796806776,0.16098251496661975,4.149673866845062,0.11027062951028493,0.06241945227281838,3.5591375048859804,0.27093331260638154,0.49262437860738584,3.6283790334122554,0.23591468682612873,0.46160845871725,2.6541663186005775,0.15354046902643737,0.3622907441945423,0.0,
62,0,2,3.9378230097532225,0.18687907473075827,0.16761067559856216,4.130851692683776,0.04383311610189991,0.13304463820789272,3.572924318610195,0.1859827100048548,0.25939011757681957,3.4006096188024193,0.18966260706386645,0.33659514874497476,2.728673546888556,0.18220707964898267,0.3202408344745363,0.0,0.0
62,1,2,3.93156448410197,0.19031627987537694,0.150133170819206,4.154370119244766,0.08119865823078719,0.05032409112574995,3.444959593227874,0.3632085969269488,0.5082910122736362,3.6204218819560476,0.16593861373431207,0.3851453100251621,2.728673546888556,0.18444137569918007,0.3202408344745362,0.0,0.0
63,0,3,3.8534115908118736,0.3512122999970633,0.14201118846200694,4.115443250311111,0.07014318116462329,0.038801648479430635,3.3984299952847707,0.30875517136009833,0.5522813180392284,3.680855965085393,0.1901266530757948,0.3207774809067595,2.7051129996867584,0.16955453094834247,0.5628064315909408,0.0,0.0
63,1,3,3.7587173981478696,0.28443141459897314,0.2333525711805292,4.129576394664019,0.12670601179699587,0.04627638885978932,3.608151520303867,0.2820493730048108,0.19089553419215,3.443193997351645,0.1479872314604058,0.49533158415752115,2.7051129996867584,0.09304194271752618,0.5628064315909408,0.0,0.0
64,0,4,3.9326682710462557,0.10904504980507058,0.19499008110863686,4.108740510527298,0.05404039899478544,0.08303166100950315,3.2341671371243814,0.45889820241063,0.5787326480592077,3.454335522230644,0.20939114724071803,0.1536480743056984,2.8051614046191977,0.24897429679987665,0.22760387503472132,0.08035714285714285,0.3125
64,1,4,4.002307977459649,0.131294191004021,0.09582674852297199,4.089215828429932,0.09481614160839939,0.12503012571410774,3.277195556310252,0.4446210377870146,0.28836987208816645,3.624749241041904,0.07607433369710452,0.27439721725881244,2.8051614046191977,0.1593022863392001,0.22760387503472132,0.0751488095238095,0.3125
65,0,1,4.007288715796777,0.12536245861001794,0.12234028001053769,4.112205096306551,0.10633239707225986,0.08241789406636799,3.229740966865305,0.4426348877951663,0.5505735690009336,2.8830585833544364,0.21260340091037105,0.2776205287744363,2.919106556683569,0.26719797944408674,0.29581306325538687,0.0,
65,1,1,3.9422069675761806,0.05760566443802514,0.15647121931209942,4.099782698275964,0.1303811368678174,0.12829257873921138,3.4052200056853197,0.3105034707013875,0.27842920906180474,3.461746775508082,0.43045177841722926,0.28606672164687763,2.919106556683569,0.17515145703983773,0.295813063255387,0.0,
66,0,2,3.805364197813341,0.17191105389087624,0.24436927311724527,4.053723657032587,0.11818895220804607,0.07393102097568832,3.610834960044977,0.2656169459927543,0.3551579062191635,3.089375304640982,0.17134809926967162,0.37241520941373785,2.7767092621974823,0.2060334221636101,0.2296537215797485,0.03125,0.25
66,1,2,3.7874577084878362,0.2891067360263655,0.230903246626536,4.107859389852097,0.057677306650947634,0.09628018696029765,3.40531847483834,0.45153899648727713,0.4230463312546626,3.733523885377846,0.23398275932311838,0.27916453889875487,2.7767092621974823,0.1692105897006038,0.22965372157974837,0.0357142857142857,0.25
67,0,3,3.748910356958768,0.31899147191592364,0.2570552473604345,4.1087186057940945,0.1085053629308153,0.06508706885945771,3.3157935906705087,0.3573562786252022,0.38224795497007935,3.361103576123871,0.2695076695501934,0.35489369693632544,2.880231083476437,0.1583720749922623,0.27879459847671173,0.1450892857142857,1.125
67,1,3,3.8957869924661894,0.19800017468292475,0.2107988755491269,4.181626998167721,0.04961012517033224,0.051512984010610774,3.3982621249221627,0.5756860278004713,0.41837111546162004,3.3707084636007365,0.20465856668496607,0.49228204283838184,2.880231083476436,0.2914936085079425,0.27879459847671173,0.14285714285714285,1.125
68,0,4,3.950664609511847,0.11677351823218836,0.14647889410894074,4.122248377525357,0.10389809822130715,0.1563271461118968,3.656456945297004,0.2173767242805093,0.28665452627667404,3.1398897613764305,0.11264897285224824,0.44250170043661124,2.8173632204774983,0.18854974460792848,0.3160080661068906,0.05357142857142855,0.1875
68,1,4,3.9497274657511703,0.18359204824555736,0.19815590020453872,4.185572507377798,0.07850149700778192,0.0689919612177145,3.5492891106455637,0.24352966261755263,0.45828735020076444,3.753180493570448,0.12445589459197952,0.37063413713374244,2.8173632204774983,0.1840860414817335,0.31600806610689064,0.046875,0.1875
69,0,1,3.890520175097052,0.23468758207860446,0.20460512173835899,4.1242014884294855,0.09472855508443363,0.13572855524936323,3.507100763732894,0.272353546838594,0.23037806059316243,3.435610262415757,0.2563537918046614,0.3350819001233617,3.055838543055994,0.2804221913683286,0.3330218614696961,0.0,
69,1,1,3.919642949724121,0.1621702923983042,0.13447784884512973,4.1292517086481935,0.10114593680509228,0.14556892671066288,3.6115309954263606,0.22421276478600832,0.2527946265523822,3.449362788701527,0.20091091792333182,0.28870284308084376,3.0558385430559936,0.2736934830337252,0.3330218614696959,0.0,
70,0,2,3.93468652531375,0.08887144794355391,0.19895204518301493,4.1789850775542865,0.07975201447399356,0.11467542812144015,3.675690993887321,0.19811553642856777,0.24530316065089258,3.799065705704406,0.157568160166824,0.5270668592777571,3.015075923205958,0.15659886501462608,0.2568282117708334,0.0,0.0
70,1,2,4.018883858416575,0.1160204908915589,0.11435541558476943,4.143744395704632,0.09589772949145899,0.05089471508639724,3.3226912150221413,0.27670652379824545,0.3920759664368114,3.55146463579888,0.16901833512638192,0.35952777046927575,3.015075923205958,0.2534722693975806,0.25682821177083337,0.0,0.0
71,0,3,3.921786808907894,0.20215536917507868,0.1706236883419215,4.153132519723618,0.034339883120875395,0.0666490483517988,3.593206529944095,0.39763199703968577,0.355703984659475,4.059075550713836,0.08472986526327858,0.2360882597032086,2.7183232283852568,0.31376696316646,0.41999312495486113,0.0,0.0
71,1,3,3.969356055224369,0.17106641118578803,0.13414582177917853,4.16999654597776,0.09398951952259646,0.07250582332168312,3.177983362968386,0.4678955107029866,0.5301660387168449,3.913509370506398,0.07333394567246028,0.2908290075354592,2.7183232283852568,0.3327947659150728,0.41999312495486124,0.0,0.0
72,0,4,3.8235458903392874,0.17161422944996876,0.17343985877841434,4.136046852989159,0.06913332209982918,0.06119948434269763,3.5193534428298645,0.306933646355004,0.2798484974248666,3.9038776428681143,0.11477522178067527,0.36049909567721766,3.0472430482650403,0.26771455451246434,0.2632627533508764,0.0,0.0
72,1,4,4.035975438103614,0.10874958248660306,0.11468669579835353,4.069618688432021,0.09761315508054273,0.14130054011448404,3.3897755703378647,0.34355568326868674,0.27594582075809243,2.798306757041707,0.12421881535524269,0.2889812173007555,3.0472430482650403,0.34961990200849,0.26326275335087634,0.0,0.0
73,0,1,3.9361098765697795,0.11087617071047505,0.16933061850987746,4.15606713810268,0.05994588068401479,0.07533910775372696,3.2318427631653854,0.430559518595695,0.3612364121219709,3.3385786401737687,0.27942527532019124,0.31178263305515597,2.8015916371280793,0.2617879428167227,0.20086911612818123,0.0,
73,1,1,3.955797495642721,0.15655039319982617,0.18958247387334332,4.140000960605163,0.11264529549513957,0.1276900888117374,3.419021191549697,0.4015120204339941,0.47363713286731485,3.8681125158338405,0.10734054638086045,0.259791200638754,2.80159163712808,0.19198318151666757,0.20086911612818123,0.0,
74,0,2,3.9252278402273184,0.07355497716051788,0.14809262993009772,4.077141511473974,0.0975756631080421,0.08633205188669636,3.454021307549431,0.29770660098633245,0.454748668360799,3.0846093532871586,0.10287846142451058,0.2858506073870257,2.83517591177606,0.1725263542211285,0.39034084122906404,0.0,0.0
74,1,2,3.86317576795231,0.2281987184460218,0.19255104396266118,4.143018129741324,0.11084370554777982,0.12733076559128376,3.34863113266777,0.3363479765467623,0.6282283451549742,3.4175081283887074,0.09431825405308247,0.7014295233013706,2.83517591177606,0.19346066349718555,0.3903408412290639,0.0,0.0
75,0,3,3.7709685596627227,0.2082321513042792,0.21099470285565117,4.08095323162375,0.14655724316166352,0.05517145780635261,3.4779855483782924,0.5678242455812543,0.29849409516934294,3.334204117445775,0.21386525450441923,0.3889178613154437,2.708113884398494,0.21692643362360864,0.44045104036589566,0.0,0.0
75,1,3,4.031460522672298,0.06734815581656506,0.17698687941507588,4.140492777116326,0.08296229295836272,0.102826986047383,3.430059126878151,0.3534470377666836,0.4119830299591605,3.7748950780471064,0.13251537959196205,0.3930728457871031,2.708113884398494,0.12267744790473094,0.44045104036589566,0.0,0.0
76,0,4,3.7124658246997515,0.2363339602825413,0.281285912008979,4.0918444595724,0.07625468813906212,0.17600862772929754,3.4459972427169134,0.3681401673151971,0.5574745453006837,3.5744354031584487,0.16527534831125898,0.3722046732163848,2.5917604274200636,0.2188001865672538,0.334069045685492,0.0,0.0
76,1,4,3.7776499801793224,0.2509773910992739,0.19313259363644492,4.091355598719646,0.22005711660330596,0.11818202973087812,3.522512043864948,0.4727815578078533,0.36274521425056766,3.705542364319535,0.14751684796609776,0.2871470417128944,2.5917604274200636,0.17933227271647442,0.33406904568549206,0.0,0.0
77,0,1,4.001819065932595,0.09731211854401887,0.11047869021919374,4.101300792036969,0.03424001337122432,0.11395124557730764,3.618828018656895,0.30522537981641684,0.17869151239605463,3.2658580796549015,0.32678189789922335,0.3755057288653315,3.212573364007568,0.2488782852269888,0.2557207694603614,0.0,
77,1,1,3.8543710290726936,0.1869636998321718,0.17393234447164718,4.127859018048548,0.15635874987705242,0.06050760437651476,3.5682514052717487,0.25101044518592797,0.2735812124034911,3.015289536289047,0.1875838025325515,0.5460319089039444,3.212573364007568,0.12386608467895961,0.2557207694603614,0.0,
78,0,2,3.8241347353699924,0.17794001052066352,0.21484021479983237,4.046668598583163,0.13756982160290013,0.1824119503901376,3.537287228772033,0.3670654454133335,0.37313704032183515,3.7342380051771644,0.11370351049345132,0.2918937264765885,2.841478690306832,0.2164375396754055,0.4015438280579743,0.015625,0.125
78,1,2,3.93096090434341,0.17210611649199792,0.16130464722389753,4.1124888077710935,0.13471828636649913,0.09088119231439785,3.2884412697665177,0.2122261219226139,0.3186435882494707,3.372731835546582,0.1169191650038907,0.4276093902711274,2.841478690306832,0.11374999829654898,0.4015438280579743,0.01785714285714285,0.125
79,0,3,3.5737468628782882,0.43720057043295446,0.293256904390381,3.9728434568614737,0.3219255143389838,0.18460957697926791,3.284669744611383,0.5305950148177014,0.562530264849609,3.136378235375653,0.25210608680867613,0.16637897461380996,2.9204500543541845,0.41416816755164476,0.25057555071131526,0.01785714285714285,0.125
79,1,3,3.9278962426554807,0.14655013195837047,0.18815348722156122,4.077984561875397,0.1201583923849388,0.16759628787388994,3.5237591987088432,0.3691222336701452,0.38554144928486295,3.823649410932412,0.11839222171883948,0.49477462711584813,2.920450054354184,0.20314399514498677,0.2505755507113154,0.015625,0.125
80,0,4,3.935364962033939,0.1807063597922659,0.2790151088565649,4.153758103593561,0.11168560208966462,0.11230895920022112,3.540685308311334,0.3764190688699936,0.4625874409971152,3.7508969776299046,0.18962838413492286,0.3151500408829009,2.7669282803412867,0.1479939152343328,0.3138203237958429,0.015625,0.0625
80,1,4,3.9739350522687844,0.18618062142142316,0.14306898793609352,3.947941408045731,0.19741370529292113,0.09530985320319339,3.2940588024777466,0.5348824678100033,0.4141248841155204,3.5153275600261664,0.19087359658912295,0.35970511533404254,2.7669282803412862,0.341069540795733,0.31382032379584307,0.01785714285714285,0.0625
81,0,1,3.869315735995621,0.1294747494806391,0.14172818362939915,4.053342041668739,0.10065057115835799,0.09961673814549861,3.313394160238141,0.6571177218463028,0.33208508636608597,3.4329225148401195,0.14937549054242275,0.3854501415173449,2.851836612110289,0.21862156198234142,0.2965195950500375,0.0,
81,1,1,3.991770098279858,0.0731571797878933,0.16540678777329335,4.16153423326537,0.08818332581319324,0.04969098604396901,3.4940817418434236,0.2923174762433402,0.3266895065274922,3.2999808308783964,0.15743768557460353,0.5009855597329901,2.851836612110289,0.3416380305297274,0.2965195950500375,0.0,
82,0,2,3.837682129952817,0.2575565829601523,0.19408393313479808,4.152488695459171,0.1392383642360782,0.039307281137980286,3.26690435606987,0.6062249425533552,0.7515069074224273,3.091763646739259,0.09172106648205997,0.5905236333832836,3.344921702171637,0.3708315054892774,0.17774166803315627,0.015625,0.125
82,1,2,3.9495574970802494,0.22684860719004626,0.0967850424347537,4.08603996256712,0.13061231241095725,0.09195907494614483,3.5468942374870647,0.28402780054396665,0.2776234725877908,3.351517423460393,0.18905757383138014,0.4040974122606351,3.344921702171637,0.3150686136329284,0.17774166803315625,0.01785714285714285,0.125
83,0,3,3.610197136152346,0.4849880319304743,0.29351811649271664,4.001913515216086,0.19306132296572173,0.09900529637760351,3.3347280641413097,0.5231555003833201,0.318872406172603,3.543332751479092,0.16453480212334412,0.24745050381987088,2.9919532194374487,0.12824030660398028,0.28649130690991936,0.0825892857142857,0.625
83,1,3,3.995692077150644,0.0920761837320442,0.1378608655017514,4.136389025311962,0.10966718803715392,0.07832071451691204,3.4544118696998187,0.2853111507497855,0.40607081986589366,3.4388837580188842,0.1440862650343823,0.2469483804662622,2.991953219437449,0.1626635039379676,0.2864913069099193,0.08035714285714285,0.625
84,0,4,4.021638647873803,0.11536525380976788,0.06694405516210705,4.155153583571619,0.09572351259551094,0.10060437372267175,3.5069500382227834,0.1913655761002251,0.43628471800349894,3.624086644855707,0.10598709352765882,0.3064322886197906,2.9772627627301076,0.18368694459390672,0.33586025275692927,0.078125,0.3125
84,1,4,3.799324683727146,0.2879404595015893,0.2772227657688161,4.088594952958727,0.10211763711444968,0.08752269494394943,3.3569167267670106,0.3063402262468336,0.20464465085711506,3.5397492244684092,0.20756871247824496,0.3027607972557363,2.9772627627301076,0.2781632457970388,0.33586025275692943,0.08035714285714285,0.3125
85,0,1,3.816832288646719,0.27083362332634653,0.2770857055510035,4.152490412935571,0.09043388947975473,0.06918310569050783,3.480222241956326,0.26496191371619415,0.29259045452565213,3.6939690344770706,0.17154276140412725,0.3304670107546833,2.6234760038612044,0.1410819818243367,0.2952368039389622,0.0,
85,1,1,3.8768265178052603,0.1108971485632082,0.15303376133161078,4.011315380155143,0.21000998453574424,0.15788153714166545,3.488137325855356,0.36181257930877286,0.3477543808594103,3.5444514740136777,0.13965757061865833,0.32183730190009213,2.6234760038612044,0.29204671007337857,0.29523680393896196,0.0,
86,0,2,3.7079774606764624,0.2304152993050184,0.25877342052806046,4.053213599408115,0.18268670650974808,0.18549966725040262,3.34592390958076,0.3075185695696661,0.23391694330461785,3.522851749840055,0.19741514947906216,0.40657641396598054,3.074730205590673,0.18285714197992997,0.33831166475058283,0.0,0.0
86,1,2,3.8554241462839838,0.17649153575901422,0.24336179454171497,4.052520173060249,0.17059389532561348,0.15982631802166908,3.42294074244231,0.3256774488378002,0.4068413894000609,2.9979498771004662,0.20142771148723962,0.24356995805549717,3.074730205590673,0.20395060876915827,0.3383116647505828,0.0,0.0
87,0,3,3.837748792957466,0.15185762873919262,0.16194827397869538,4.059289520604111,0.2504854767454627,0.13202051571438406,3.446643164295413,0.18479123077667553,0.38429542508674003,3.5207253267606182,0.14855850497026268,0.4734074644625714,2.910984924442847,0.24620205280117424,0.18136820838555653,0.0,0.0
87,1,3,3.710213399813031,0.3938091336773754,0.2631234083189109,4.0949821505871915,0.14552310579491068,0.15734012410566145,3.376251608298276,0.37570449309311965,0.3689336815709291,3.1631987571533906,0.35994706536725524,0.28854728512459,2.910984924442847,0.41095371394356456,0.18136820838555637,0.0,0.0
88,0,4,3.757359160470631,0.4106385177358625,0.2010879237131561,4.0030102552757825,0.19589023343078737,0.12087337639468254,3.4735060912510325,0.20076300395797644,0.346776860952734,3.5170999841447603,0.14113898570706826,0.31095293014656233,2.509870081483474,0.20395436915117168,0.17277983341669279,0.1827876984126984,0.75
88,1,4,3.6074448975224223,0.38941718455457797,0.3801602014246292,3.9041251296735835,0.1934582707890548,0.16740900198498773,3.2000123546389108,0.38315121602610364,0.4992002562520538,3.475936339733532,0.17873747618498473,0.191698861914762,2.509870081483474,0.1395504334115762,0.17277983341669262,0.20312499999999997,0.75
89,0,1,3.8717479517912743,0.21656839807039785,0.1546408594909836,4.0642338704195256,0.13969786881966498,0.18866512506315994,3.277461866847501,0.5012921532903173,0.3764754210886258,3.0137110354947003,0.3210300384226536,0.45443581540287226,2.968175799418655,0.2136180058834882,0.2820786549530751,0.0,
89,1,1,3.8311309781221285,0.30791695199974944,0.2787711929587845,4.175317424645775,0.06828985088815791,0.09355600709853343,3.2639051218838993,0.44692515125969945,0.2291484219674577,3.5814886562421933,0.14436742717966097,0.45118921722676775,2.968175799418655,0.13557076001517213,0.282078654953075,0.0,
90,0,2,3.920982242260688,0.14864652467004813,0.17249467597882,4.15929702611539,0.09460991060300418,0.06247665451603807,3.3637012732044695,0.2827874054171829,0.346922067240691,3.0950177564485974,0.16967344288789485,0.2691671640280872,2.9479944539439344,0.1194892210543496,0.19543794490216423,0.0,0.0
90,1,2,4.002395708012204,0.12850232236169676,0.09563347843334497,4.093374772607325,0.09960767076313984,0.1904189898256229,3.520676069005767,0.6360705187307482,0.31229746940725095,3.352377957581729,0.15098143248932092,0.3979262879887603,2.9479944539439344,0.16308917734795536,0.19543794490216418,0.0,0.0
91,0,3,3.986273895970881,0.1688817797372052,0.1310321029571102,4.166890661616916,0.09239320368403299,0.07737095706685303,3.41638040550008,0.36419751752902163,0.3919654497953249,3.243770559495507,0.19107356858963062,0.28523121384881894,2.8561227997884386,0.1847971280643536,0.2700527126706944,0.0,0.0
91,1,3,3.6018099631257465,0.17868676930488583,0.23903111851720119,4.048653414223237,0.15450723988242235,0.14033898247646676,3.627471488108262,0.24205877431579725,0.29435444661242904,3.6518660218407226,0.20148655288025213,0.3844287533007448,2.856122799788438,0.21941777847896662,0.2700527126706944,0.0,0.0
92,0,4,3.9361520102151104,0.13477921487167416,0.1521029511394412,4.096716173180019,0.11959604489289828,0.11468526906116043,3.4966762839951184,0.277110217907313,0.32073952404435463,3.5011788390795027,0.17267811988498152,0.2608081142576912,2.580263543565547,0.16008095851435222,0.25036638557024804,0.01785714285714285,0.0625
92,1,4,3.8097161277462073,0.17503588635899434,0.23616990836945864,4.133561875045743,0.1183389904787057,0.13423145839890335,3.3165518606433655,0.22189788654385473,0.3663606795382277,3.759965105772242,0.1800191144171804,0.26131996859709977,2.580263543565547,0.1672782001631103,0.250366385570248,0.015625,0.0625
93,0,1,3.8265452936164093,0.1609954282198006,0.2062515883061382,3.954711069530339,0.1297962106682613,0.15079276878733291,3.2471734344803154,0.45754092222040876,0.6956738573579073,3.205484010512424,0.1242561711564678,0.33508330801235986,2.850673470393871,0.14990582528189256,0.11778576963734509,0.0,
93,1,1,3.8534152058217255,0.2410601650603387,0.23348258258825333,4.126519660061999,0.132899465810517,0.1054927217953168,3.379908031269968,0.3152856023087586,0.3686081745016096,3.267856691539277,0.16664745833444652,0.3017837819751984,2.850673470393871,0.24409702087936203,0.11778576963734515,0.0,
94,0,2,4.005131785310261,0.10325368257658676,0.15646503642012133,4.082522417439901,0.09209403563597594,0.0933294361594656,3.6216125569363533,0.29211646230299604,0.28941118420117806,3.652458028919732,0.1544992624161674,0.37501377157169724,2.8927951629080506,0.16956557068844672,0.22616906630210687,0.01785714285714285,0.125
94,1,2,3.9311987118476224,0.2278773141857352,0.17976035991462097,4.100997154008217,0.22805257160248465,0.11814487409451752,3.597997328083362,0.19786920663227342,0.38298123512203,3.2464276812223187,0.25423962223072594,0.41227470251155496,2.895864386786132,0.43869123759574524,0.2311376757038866,0.015625,0.125
95,0,3,3.972604997785843,0.12338944504471575,0.16846691965810717,4.154067036093236,0.06233366295768107,0.05450893388949285,3.373461863958261,0.32434687286602254,0.17892134773223964,3.7408191037828393,0.09277653808411482,0.4604630268925268,2.6131840717342816,0.2630654195430469,0.3905155783527028,0.01785714285714285,0.125
95,1,3,3.898803679446447,0.19665265105416324,0.17184224543378837,4.155684667303642,0.10027522880458059,0.10379764989994793,3.3079180703311146,0.21143765099651976,0.15623258821551744,3.628018636561227,0.18205318989618904,0.24296985503032312,2.6131840717342816,0.11557078531966881,0.3905155783527029,0.015625,0.125
96,0,4,3.83922029018709,0.18565491484652571,0.2101398693398537,4.084646516168634,0.14357137304828513,0.11413512306241014,3.3481712064773665,0.297825781201066,0.3256219425997708,3.4651695612985063,0.24329363660447323,0.28755646133696167,2.725244527942999,0.17990379230498865,0.1808641981719231,0.0,0.0
96,1,4,3.6851505203002195,0.27100514222662003,0.4385854743748066,4.006864760456069,0.24259418183067868,0.11902779231548677,3.3484628911253944,0.36210023732918883,0.2979041796381153,3.3995027762952543,0.1891820621400175,0.29748229332862225,2.725244527942999,0.300353366616434,0.18086419817192298,0.0,0.0
97,0,1,3.7669503321934608,0.3756894835802905,0.17626234041692065,4.124079994541335,0.0652051644970622,0.12199831535104637,3.4636950395972814,0.3621772694428962,0.32961154912150037,3.4251950787750345,0.25912801374246,0.4143776532954885,2.8616754809326155,0.1973974422903561,0.1487050625853341,0.0,
97,1,1,4.020238015421911,0.16445085764319037,0.10848035223434985,4.085684554812588,0.11161328279049426,0.10205922754271299,3.484449354368448,0.2912825028332802,0.21802936796938646,3.1906126906565087,0.21609780593520375,0.300843318841479,2.861675480932615,0.34695704803931254,0.14870506258533414,0.0,
98,0,2,3.498495074633221,0.4101223940040259,0.39163407529211813,4.038766872039589,0.13681312068560236,0.17210334218042286,3.228223225172464,0.24430211373882366,0.32360908367821045,3.4669859972166925,0.22205564813014986,0.3021068450106502,2.8192534885022034,0.1874930161117483,0.3481251174706063,0.08035714285714285,0.625
98,1,2,4.019984686030267,0.17511621148222564,0.10772748337070401,4.102415969721078,0.06997131272816069,0.06231285273283252,3.498888925545697,0.1924152633737965,0.21595026040654247,3.1509499437954793,0.11601235926797865,0.36651208016350034,2.8192534885022034,0.11075973531442193,0.34812511747060637,0.0870535714285714,0.625
99,0,3,3.734806482687297,0.13963142385306868,0.2319993284159009,4.102948139958273,0.12069967911346834,0.11453042550739838,3.4993265184240454,0.2608485445613226,0.6142852152779805,3.305029899731436,0.21528879050995248,0.4260427252998405,3.0522525904093345,0.25555794712893704,0.36833968744590306,0.0,0.0
99,1,3,3.9183159228805904,0.2632613921872105,0.1756867283640074,4.083229277475775,0.13604549123344242,0.07451367251056754,3.3813610212218825,0.36970493134908516,0.3936738285647835,3.0794575538423063,0.18295136400299306,0.3435197639952751,3.0522525904093345,0.2881866046015222,0.3683396874459031,0.0,0.0
100,0,4,3.797660697822852,0.29852677760125645,0.19716800409039936,4.164932385810854,0.07776846819427483,0.10576547734433137,3.4694061794571587,0.45923539003281466,0.34635670514137606,3.7546917867179874,0.1250564085364326,0.2655819826383581,2.742763368497541,0.16491536202985507,0.16784832707431754,0.0357142857142857,0.125
100,1,4,3.880692048205695,0.13246634336148222,0.2434418854476972,4.001655098251791,0.13536898461331665,0.18017186171331184,3.3570297170933916,0.444177726002227,0.4626622060445312,3.362195420986668,0.29085838798216185,0.18272864425633276,2.742763368497541,0.3909018213245261,0.16784832707431754,0.03125,0.125
