run_id,turn,dept_id,CDC,adj_CDC,I_count,E_count,pattern_id
1,1,0,0.0,,14.0,0.0,1
1,1,1,0.0,,14.0,0.0,1
1,2,0,0.0,,14.0,0.0,1
1,2,1,0.0,,14.0,0.0,1
1,3,0,0.0,,14.0,0.0,1
1,3,1,0.0,,14.0,0.0,1
1,4,0,0.0,,14.0,0.0,1
1,4,1,0.0,,14.0,0.0,1
1,5,0,0.0,,14.0,0.0,1
1,5,1,0.0,,14.0,0.0,1
1,6,0,0.0,,14.0,0.0,1
1,6,1,0.0,,14.0,0.0,1
1,7,0,0.0,,14.0,0.0,1
1,7,1,0.0,,14.0,0.0,1
1,8,0,0.0,,14.0,0.0,1
1,8,1,0.0,,14.0,0.0,1
2,1,0,0.0,0.0,14.0,0.0,2
2,1,1,0.0,0.0,14.0,0.0,2
2,2,0,0.0,0.0,14.0,0.0,2
2,2,1,0.0,0.0,14.0,0.0,2
2,3,0,0.0,0.0,14.0,0.0,2
2,3,1,0.0,0.0,14.0,0.0,2
2,4,0,0.0,0.0,14.0,0.0,2
2,4,1,0.0,0.0,14.0,0.0,2
2,5,0,0.0,0.0,14.0,0.0,2
2,5,1,0.0,0.0,14.0,0.0,2
2,6,0,0.0,0.0,14.0,0.0,2
2,6,1,0.0,0.0,14.0,0.0,2
2,7,0,0.0,0.0,14.0,0.0,2
2,7,1,0.0,0.0,14.0,0.0,2
2,8,0,0.125,1.0,14.0,2.0,2
2,8,1,0.14285714285714285,1.0,12.0,2.0,2
3,1,0,0.0,0.0,14.0,0.0,3
3,1,1,0.0,0.0,14.0,0.0,3
3,2,0,0.0,0.0,14.0,0.0,3
3,2,1,0.0,0.0,14.0,0.0,3
3,3,0,0.0,0.0,14.0,0.0,3
3,3,1,0.0,0.0,14.0,0.0,3
3,4,0,0.0,0.0,14.0,0.0,3
3,4,1,0.0,0.0,14.0,0.0,3
3,5,0,0.0,0.0,14.0,0.0,3
3,5,1,0.0,0.0,14.0,0.0,3
3,6,0,0.0,0.0,14.0,0.0,3
3,6,1,0.0,0.0,14.0,0.0,3
3,7,0,0.0,0.0,14.0,0.0,3
3,7,1,0.0,0.0,14.0,0.0,3
3,8,0,0.0,0.0,14.0,0.0,3
3,8,1,0.0,0.0,14.0,0.0,3
4,1,0,0.25,1.0,12.0,4.0,4
4,1,1,0.25,1.0,12.0,4.0,4
4,2,0,0.0,0.0,14.0,0.0,4
4,2,1,0.0,0.0,14.0,0.0,4
4,3,0,0.0,0.0,14.0,0.0,4
4,3,1,0.0,0.0,14.0,0.0,4
4,4,0,0.0,0.0,14.0,0.0,4
4,4,1,0.0,0.0,14.0,0.0,4
4,5,0,0.0,0.0,14.0,0.0,4
4,5,1,0.0,0.0,14.0,0.0,4
4,6,0,0.0,0.0,14.0,0.0,4
4,6,1,0.0,0.0,14.0,0.0,4
4,7,0,0.0,0.0,14.0,0.0,4
4,7,1,0.0,0.0,14.0,0.0,4
4,8,0,0.0,0.0,14.0,0.0,4
4,8,1,0.0,0.0,14.0,0.0,4
5,1,0,0.0,,14.0,0.0,1
5,1,1,0.0,,14.0,0.0,1
5,2,0,0.0,,14.0,0.0,1
5,2,1,0.0,,14.0,0.0,1
5,3,0,0.0,,14.0,0.0,1
5,3,1,0.0,,14.0,0.0,1
5,4,0,0.0,,14.0,0.0,1
5,4,1,0.0,,14.0,0.0,1
5,5,0,0.0,,14.0,0.0,1
5,5,1,0.0,,14.0,0.0,1
5,6,0,0.0,,14.0,0.0,1
5,6,1,0.0,,14.0,0.0,1
5,7,0,0.0,,14.0,0.0,1
5,7,1,0.0,,14.0,0.0,1
5,8,0,0.0,,14.0,0.0,1
5,8,1,0.0,,14.0,0.0,1
6,1,0,0.0,0.0,14.0,0.0,2
6,1,1,0.0,0.0,14.0,0.0,2
6,2,0,0.0,0.0,14.0,0.0,2
6,2,1,0.0,0.0,14.0,0.0,2
6,3,0,0.25,2.0,12.0,4.0,2
6,3,1,0.25,2.0,12.0,4.0,2
6,4,0,0.0,0.0,14.0,0.0,2
6,4,1,0.0,0.0,14.0,0.0,2
6,5,0,0.0,0.0,14.0,0.0,2
6,5,1,0.0,0.0,14.0,0.0,2
6,6,0,0.0,0.0,14.0,0.0,2
6,6,1,0.0,0.0,14.0,0.0,2
6,7,0,0.125,1.0,14.0,2.0,2
6,7,1,0.14285714285714285,1.0,12.0,2.0,2
6,8,0,0.0,0.0,14.0,0.0,2
6,8,1,0.0,0.0,14.0,0.0,2
7,1,0,0.0,0.0,14.0,0.0,3
7,1,1,0.0,0.0,14.0,0.0,3
7,2,0,0.0,0.0,14.0,0.0,3
7,2,1,0.0,0.0,14.0,0.0,3
7,3,0,0.0,0.0,14.0,0.0,3
7,3,1,0.0,0.0,14.0,0.0,3
7,4,0,0.0,0.0,14.0,0.0,3
7,4,1,0.0,0.0,14.0,0.0,3
7,5,0,0.0,0.0,14.0,0.0,3
7,5,1,0.0,0.0,14.0,0.0,3
7,6,0,0.0,0.0,14.0,0.0,3
7,6,1,0.0,0.0,14.0,0.0,3
7,7,0,0.0,0.0,14.0,0.0,3
7,7,1,0.0,0.0,14.0,0.0,3
7,8,0,0.0,0.0,14.0,0.0,3
7,8,1,0.0,0.0,14.0,0.0,3
8,1,0,0.0,0.0,14.0,0.0,4
8,1,1,0.0,0.0,14.0,0.0,4
8,2,0,0.0,0.0,14.0,0.0,4
8,2,1,0.0,0.0,14.0,0.0,4
8,3,0,0.0,0.0,14.0,0.0,4
8,3,1,0.0,0.0,14.0,0.0,4
8,4,0,0.0,0.0,14.0,0.0,4
8,4,1,0.0,0.0,14.0,0.0,4
8,5,0,0.0,0.0,14.0,0.0,4
8,5,1,0.0,0.0,14.0,0.0,4
8,6,0,0.14285714285714285,0.5,12.0,2.0,4
8,6,1,0.125,0.5,14.0,2.0,4
8,7,0,0.0,0.0,14.0,0.0,4
8,7,1,0.0,0.0,14.0,0.0,4
8,8,0,0.0,0.0,14.0,0.0,4
8,8,1,0.0,0.0,14.0,0.0,4
9,1,0,0.0,,14.0,0.0,1
9,1,1,0.0,,14.0,0.0,1
9,2,0,0.0,,14.0,0.0,1
9,2,1,0.0,,14.0,0.0,1
9,3,0,0.0,,14.0,0.0,1
9,3,1,0.0,,14.0,0.0,1
9,4,0,0.0,,14.0,0.0,1
9,4,1,0.0,,14.0,0.0,1
9,5,0,0.0,,14.0,0.0,1
9,5,1,0.0,,14.0,0.0,1
9,6,0,0.0,,14.0,0.0,1
9,6,1,0.0,,14.0,0.0,1
9,7,0,0.0,,14.0,0.0,1
9,7,1,0.0,,14.0,0.0,1
9,8,0,0.0,,14.0,0.0,1
9,8,1,0.0,,14.0,0.0,1
10,1,0,0.0,0.0,14.0,0.0,2
10,1,1,0.0,0.0,14.0,0.0,2
10,2,0,0.0,0.0,14.0,0.0,2
10,2,1,0.0,0.0,14.0,0.0,2
10,3,0,0.0,0.0,14.0,0.0,2
10,3,1,0.0,0.0,14.0,0.0,2
10,4,0,0.0,0.0,14.0,0.0,2
10,4,1,0.0,0.0,14.0,0.0,2
10,5,0,0.0,0.0,14.0,0.0,2
10,5,1,0.0,0.0,14.0,0.0,2
10,6,0,0.0,0.0,14.0,0.0,2
10,6,1,0.0,0.0,14.0,0.0,2
10,7,0,0.0,0.0,14.0,0.0,2
10,7,1,0.0,0.0,14.0,0.0,2
10,8,0,0.0,0.0,14.0,0.0,2
10,8,1,0.0,0.0,14.0,0.0,2
11,1,0,0.0,0.0,14.0,0.0,3
11,1,1,0.0,0.0,14.0,0.0,3
11,2,0,0.125,1.0,14.0,2.0,3
11,2,1,0.14285714285714285,1.0,12.0,2.0,3
11,3,0,0.125,1.0,14.0,2.0,3
11,3,1,0.14285714285714285,1.0,12.0,2.0,3
11,4,0,0.0,0.0,14.0,0.0,3
11,4,1,0.0,0.0,14.0,0.0,3
11,5,0,0.0,0.0,14.0,0.0,3
11,5,1,0.0,0.0,14.0,0.0,3
11,6,0,0.0,0.0,14.0,0.0,3
11,6,1,0.0,0.0,14.0,0.0,3
11,7,0,0.0,0.0,14.0,0.0,3
11,7,1,0.0,0.0,14.0,0.0,3
11,8,0,0.0,0.0,14.0,0.0,3
11,8,1,0.0,0.0,14.0,0.0,3
12,1,0,0.125,0.5,14.0,2.0,4
12,1,1,0.14285714285714285,0.5,12.0,2.0,4
12,2,0,0.0,0.0,14.0,0.0,4
12,2,1,0.0,0.0,14.0,0.0,4
12,3,0,0.0,0.0,14.0,0.0,4
12,3,1,0.0,0.0,14.0,0.0,4
12,4,0,0.0,0.0,14.0,0.0,4
12,4,1,0.0,0.0,14.0,0.0,4
12,5,0,0.0,0.0,14.0,0.0,4
12,5,1,0.0,0.0,14.0,0.0,4
12,6,0,0.0,0.0,14.0,0.0,4
12,6,1,0.0,0.0,14.0,0.0,4
12,7,0,0.0,0.0,14.0,0.0,4
12,7,1,0.0,0.0,14.0,0.0,4
12,8,0,0.0,0.0,14.0,0.0,4
12,8,1,0.0,0.0,14.0,0.0,4
13,1,0,0.0,,14.0,0.0,1
13,1,1,0.0,,14.0,0.0,1
13,2,0,0.0,,14.0,0.0,1
13,2,1,0.0,,14.0,0.0,1
13,3,0,0.0,,14.0,0.0,1
13,3,1,0.0,,14.0,0.0,1
13,4,0,0.0,,14.0,0.0,1
13,4,1,0.0,,14.0,0.0,1
13,5,0,0.0,,14.0,0.0,1
13,5,1,0.0,,14.0,0.0,1
13,6,0,0.0,,14.0,0.0,1
13,6,1,0.0,,14.0,0.0,1
13,7,0,0.0,,14.0,0.0,1
13,7,1,0.0,,14.0,0.0,1
13,8,0,0.0,,14.0,0.0,1
13,8,1,0.0,,14.0,0.0,1
14,1,0,0.0,0.0,14.0,0.0,2
14,1,1,0.0,0.0,14.0,0.0,2
14,2,0,0.0,0.0,14.0,0.0,2
14,2,1,0.0,0.0,14.0,0.0,2
14,3,0,0.0,0.0,14.0,0.0,2
14,3,1,0.0,0.0,14.0,0.0,2
14,4,0,0.0,0.0,14.0,0.0,2
14,4,1,0.0,0.0,14.0,0.0,2
14,5,0,0.125,1.0,14.0,2.0,2
14,5,1,0.14285714285714285,1.0,12.0,2.0,2
14,6,0,0.25,2.0,12.0,4.0,2
14,6,1,0.25,2.0,12.0,4.0,2
14,7,0,0.0,0.0,14.0,0.0,2
14,7,1,0.0,0.0,14.0,0.0,2
14,8,0,0.0,0.0,14.0,0.0,2
14,8,1,0.0,0.0,14.0,0.0,2
15,1,0,0.0,0.0,14.0,0.0,3
15,1,1,0.0,0.0,14.0,0.0,3
15,2,0,0.0,0.0,14.0,0.0,3
15,2,1,0.0,0.0,14.0,0.0,3
15,3,0,0.0,0.0,14.0,0.0,3
15,3,1,0.0,0.0,14.0,0.0,3
15,4,0,0.0,0.0,14.0,0.0,3
15,4,1,0.0,0.0,14.0,0.0,3
15,5,0,0.0,0.0,14.0,0.0,3
15,5,1,0.0,0.0,14.0,0.0,3
15,6,0,0.0,0.0,14.0,0.0,3
15,6,1,0.0,0.0,14.0,0.0,3
15,7,0,0.0,0.0,14.0,0.0,3
15,7,1,0.0,0.0,14.0,0.0,3
15,8,0,0.0,0.0,14.0,0.0,3
15,8,1,0.0,0.0,14.0,0.0,3
16,1,0,0.0,0.0,14.0,0.0,4
16,1,1,0.0,0.0,14.0,0.0,4
16,2,0,0.125,0.5,14.0,2.0,4
16,2,1,0.14285714285714285,0.5,12.0,2.0,4
16,3,0,0.0,0.0,14.0,0.0,4
16,3,1,0.0,0.0,14.0,0.0,4
16,4,0,0.0,0.0,14.0,0.0,4
16,4,1,0.0,0.0,14.0,0.0,4
16,5,0,0.0,0.0,14.0,0.0,4
16,5,1,0.0,0.0,14.0,0.0,4
16,6,0,0.0,0.0,14.0,0.0,4
16,6,1,0.0,0.0,14.0,0.0,4
16,7,0,0.0,0.0,14.0,0.0,4
16,7,1,0.0,0.0,14.0,0.0,4
16,8,0,0.0,0.0,14.0,0.0,4
16,8,1,0.0,0.0,14.0,0.0,4
17,1,0,0.0,,14.0,0.0,1
17,1,1,0.0,,14.0,0.0,1
17,2,0,0.0,,14.0,0.0,1
17,2,1,0.0,,14.0,0.0,1
17,3,0,0.0,,14.0,0.0,1
17,3,1,0.0,,14.0,0.0,1
17,4,0,0.0,,14.0,0.0,1
17,4,1,0.0,,14.0,0.0,1
17,5,0,0.0,,14.0,0.0,1
17,5,1,0.0,,14.0,0.0,1
17,6,0,0.0,,14.0,0.0,1
17,6,1,0.0,,14.0,0.0,1
17,7,0,0.0,,14.0,0.0,1
17,7,1,0.0,,14.0,0.0,1
17,8,0,0.0,,14.0,0.0,1
17,8,1,0.0,,14.0,0.0,1
18,1,0,0.0,0.0,14.0,0.0,2
18,1,1,0.0,0.0,14.0,0.0,2
18,2,0,0.0,0.0,14.0,0.0,2
18,2,1,0.0,0.0,14.0,0.0,2
18,3,0,0.0,0.0,14.0,0.0,2
18,3,1,0.0,0.0,14.0,0.0,2
18,4,0,0.0,0.0,14.0,0.0,2
18,4,1,0.0,0.0,14.0,0.0,2
18,5,0,0.0,0.0,14.0,0.0,2
18,5,1,0.0,0.0,14.0,0.0,2
18,6,0,0.0,0.0,14.0,0.0,2
18,6,1,0.0,0.0,14.0,0.0,2
18,7,0,0.0,0.0,14.0,0.0,2
18,7,1,0.0,0.0,14.0,0.0,2
18,8,0,0.0,0.0,14.0,0.0,2
18,8,1,0.0,0.0,14.0,0.0,2
19,1,0,0.25,2.0,12.0,4.0,3
19,1,1,0.25,2.0,12.0,4.0,3
19,2,0,0.125,1.0,14.0,2.0,3
19,2,1,0.14285714285714285,1.0,12.0,2.0,3
19,3,0,0.0,0.0,14.0,0.0,3
19,3,1,0.0,0.0,14.0,0.0,3
19,4,0,0.0,0.0,14.0,0.0,3
19,4,1,0.0,0.0,14.0,0.0,3
19,5,0,0.0,0.0,14.0,0.0,3
19,5,1,0.0,0.0,14.0,0.0,3
19,6,0,0.0,0.0,14.0,0.0,3
19,6,1,0.0,0.0,14.0,0.0,3
19,7,0,0.0,0.0,14.0,0.0,3
19,7,1,0.0,0.0,14.0,0.0,3
19,8,0,0.0,0.0,14.0,0.0,3
19,8,1,0.0,0.0,14.0,0.0,3
20,1,0,0.0,0.0,14.0,0.0,4
20,1,1,0.0,0.0,14.0,0.0,4
20,2,0,0.0,0.0,14.0,0.0,4
20,2,1,0.0,0.0,14.0,0.0,4
20,3,0,0.0,0.0,14.0,0.0,4
20,3,1,0.0,0.0,14.0,0.0,4
20,4,0,0.0,0.0,14.0,0.0,4
20,4,1,0.0,0.0,14.0,0.0,4
20,5,0,0.0,0.0,14.0,0.0,4
20,5,1,0.0,0.0,14.0,0.0,4
20,6,0,0.14285714285714285,0.5,12.0,2.0,4
20,6,1,0.125,0.5,14.0,2.0,4
20,7,0,0.0,0.0,14.0,0.0,4
20,7,1,0.0,0.0,14.0,0.0,4
20,8,0,0.0,0.0,14.0,0.0,4
20,8,1,0.0,0.0,14.0,0.0,4
21,1,0,0.0,,14.0,0.0,1
21,1,1,0.0,,14.0,0.0,1
21,2,0,0.0,,14.0,0.0,1
21,2,1,0.0,,14.0,0.0,1
21,3,0,0.0,,14.0,0.0,1
21,3,1,0.0,,14.0,0.0,1
21,4,0,0.0,,14.0,0.0,1
21,4,1,0.0,,14.0,0.0,1
21,5,0,0.0,,14.0,0.0,1
21,5,1,0.0,,14.0,0.0,1
21,6,0,0.0,,14.0,0.0,1
21,6,1,0.0,,14.0,0.0,1
21,7,0,0.0,,14.0,0.0,1
21,7,1,0.0,,14.0,0.0,1
21,8,0,0.0,,14.0,0.0,1
21,8,1,0.0,,14.0,0.0,1
22,1,0,0.0,0.0,14.0,0.0,2
22,1,1,0.0,0.0,14.0,0.0,2
22,2,0,0.0,0.0,14.0,0.0,2
22,2,1,0.0,0.0,14.0,0.0,2
22,3,0,0.0,0.0,14.0,0.0,2
22,3,1,0.0,0.0,14.0,0.0,2
22,4,0,0.0,0.0,14.0,0.0,2
22,4,1,0.0,0.0,14.0,0.0,2
22,5,0,0.0,0.0,14.0,0.0,2
22,5,1,0.0,0.0,14.0,0.0,2
22,6,0,0.0,0.0,14.0,0.0,2
22,6,1,0.0,0.0,14.0,0.0,2
22,7,0,0.0,0.0,14.0,0.0,2
22,7,1,0.0,0.0,14.0,0.0,2
22,8,0,0.0,0.0,14.0,0.0,2
22,8,1,0.0,0.0,14.0,0.0,2
23,1,0,0.0,0.0,14.0,0.0,3
23,1,1,0.0,0.0,14.0,0.0,3
23,2,0,0.0,0.0,14.0,0.0,3
23,2,1,0.0,0.0,14.0,0.0,3
23,3,0,0.0,0.0,14.0,0.0,3
23,3,1,0.0,0.0,14.0,0.0,3
23,4,0,0.0,0.0,14.0,0.0,3
23,4,1,0.0,0.0,14.0,0.0,3
23,5,0,0.0,0.0,14.0,0.0,3
23,5,1,0.0,0.0,14.0,0.0,3
23,6,0,0.0,0.0,14.0,0.0,3
23,6,1,0.0,0.0,14.0,0.0,3
23,7,0,0.0,0.0,14.0,0.0,3
23,7,1,0.0,0.0,14.0,0.0,3
23,8,0,0.0,0.0,14.0,0.0,3
23,8,1,0.0,0.0,14.0,0.0,3
24,1,0,0.0,0.0,14.0,0.0,4
24,1,1,0.0,0.0,14.0,0.0,4
24,2,0,0.0,0.0,14.0,0.0,4
24,2,1,0.0,0.0,14.0,0.0,4
24,3,0,0.0,0.0,14.0,0.0,4
24,3,1,0.0,0.0,14.0,0.0,4
24,4,0,0.25,1.0,12.0,4.0,4
24,4,1,0.25,1.0,12.0,4.0,4
24,5,0,0.0,0.0,14.0,0.0,4
24,5,1,0.0,0.0,14.0,0.0,4
24,6,0,0.0,0.0,14.0,0.0,4
24,6,1,0.0,0.0,14.0,0.0,4
24,7,0,0.0,0.0,14.0,0.0,4
24,7,1,0.0,0.0,14.0,0.0,4
24,8,0,0.0,0.0,14.0,0.0,4
24,8,1,0.0,0.0,14.0,0.0,4
25,1,0,0.0,,14.0,0.0,1
25,1,1,0.0,,14.0,0.0,1
25,2,0,0.0,,14.0,0.0,1
25,2,1,0.0,,14.0,0.0,1
25,3,0,0.0,,14.0,0.0,1
25,3,1,0.0,,14.0,0.0,1
25,4,0,0.0,,14.0,0.0,1
25,4,1,0.0,,14.0,0.0,1
25,5,0,0.0,,14.0,0.0,1
25,5,1,0.0,,14.0,0.0,1
25,6,0,0.0,,14.0,0.0,1
25,6,1,0.0,,14.0,0.0,1
25,7,0,0.0,,14.0,0.0,1
25,7,1,0.0,,14.0,0.0,1
25,8,0,0.0,,14.0,0.0,1
25,8,1,0.0,,14.0,0.0,1
26,1,0,0.25,2.0,12.0,4.0,2
26,1,1,0.25,2.0,12.0,4.0,2
26,2,0,0.0,0.0,14.0,0.0,2
26,2,1,0.0,0.0,14.0,0.0,2
26,3,0,0.0,0.0,14.0,0.0,2
26,3,1,0.0,0.0,14.0,0.0,2
26,4,0,0.0,0.0,14.0,0.0,2
26,4,1,0.0,0.0,14.0,0.0,2
26,5,0,0.0,0.0,14.0,0.0,2
26,5,1,0.0,0.0,14.0,0.0,2
26,6,0,0.14285714285714285,1.0,12.0,2.0,2
26,6,1,0.125,1.0,14.0,2.0,2
26,7,0,0.0,0.0,14.0,0.0,2
26,7,1,0.0,0.0,14.0,0.0,2
26,8,0,0.0,0.0,14.0,0.0,2
26,8,1,0.0,0.0,14.0,0.0,2
27,1,0,0.0,0.0,14.0,0.0,3
27,1,1,0.0,0.0,14.0,0.0,3
27,2,0,0.0,0.0,14.0,0.0,3
27,2,1,0.0,0.0,14.0,0.0,3
27,3,0,0.0,0.0,14.0,0.0,3
27,3,1,0.0,0.0,14.0,0.0,3
27,4,0,0.0,0.0,14.0,0.0,3
27,4,1,0.0,0.0,14.0,0.0,3
27,5,0,0.0,0.0,14.0,0.0,3
27,5,1,0.0,0.0,14.0,0.0,3
27,6,0,0.0,0.0,14.0,0.0,3
27,6,1,0.0,0.0,14.0,0.0,3
27,7,0,0.0,0.0,14.0,0.0,3
27,7,1,0.0,0.0,14.0,0.0,3
27,8,0,0.0,0.0,14.0,0.0,3
27,8,1,0.0,0.0,14.0,0.0,3
28,1,0,0.0,0.0,14.0,0.0,4
28,1,1,0.0,0.0,14.0,0.0,4
28,2,0,0.0,0.0,14.0,0.0,4
28,2,1,0.0,0.0,14.0,0.0,4
28,3,0,0.25,1.0,12.0,4.0,4
28,3,1,0.25,1.0,12.0,4.0,4
28,4,0,0.0,0.0,14.0,0.0,4
28,4,1,0.0,0.0,14.0,0.0,4
28,5,0,0.0,0.0,14.0,0.0,4
28,5,1,0.0,0.0,14.0,0.0,4
28,6,0,0.0,0.0,14.0,0.0,4
28,6,1,0.0,0.0,14.0,0.0,4
28,7,0,0.0,0.0,14.0,0.0,4
28,7,1,0.0,0.0,14.0,0.0,4
28,8,0,0.125,0.5,14.0,2.0,4
28,8,1,0.14285714285714285,0.5,12.0,2.0,4
29,1,0,0.0,,14.0,0.0,1
29,1,1,0.0,,14.0,0.0,1
29,2,0,0.0,,14.0,0.0,1
29,2,1,0.0,,14.0,0.0,1
29,3,0,0.0,,14.0,0.0,1
29,3,1,0.0,,14.0,0.0,1
29,4,0,0.0,,14.0,0.0,1
29,4,1,0.0,,14.0,0.0,1
29,5,0,0.0,,14.0,0.0,1
29,5,1,0.0,,14.0,0.0,1
29,6,0,0.0,,14.0,0.0,1
29,6,1,0.0,,14.0,0.0,1
29,7,0,0.0,,14.0,0.0,1
29,7,1,0.0,,14.0,0.0,1
29,8,0,0.0,,14.0,0.0,1
29,8,1,0.0,,14.0,0.0,1
30,1,0,0.0,0.0,14.0,0.0,2
30,1,1,0.0,0.0,14.0,0.0,2
30,2,0,0.0,0.0,14.0,0.0,2
30,2,1,0.0,0.0,14.0,0.0,2
30,3,0,0.0,0.0,14.0,0.0,2
30,3,1,0.0,0.0,14.0,0.0,2
30,4,0,0.0,0.0,14.0,0.0,2
30,4,1,0.0,0.0,14.0,0.0,2
30,5,0,0.0,0.0,14.0,0.0,2
30,5,1,0.0,0.0,14.0,0.0,2
30,6,0,0.0,0.0,14.0,0.0,2
30,6,1,0.0,0.0,14.0,0.0,2
30,7,0,0.0,0.0,14.0,0.0,2
30,7,1,0.0,0.0,14.0,0.0,2
30,8,0,0.0,0.0,14.0,0.0,2
30,8,1,0.0,0.0,14.0,0.0,2
31,1,0,0.0,0.0,14.0,0.0,3
31,1,1,0.0,0.0,14.0,0.0,3
31,2,0,0.0,0.0,14.0,0.0,3
31,2,1,0.0,0.0,14.0,0.0,3
31,3,0,0.0,0.0,14.0,0.0,3
31,3,1,0.0,0.0,14.0,0.0,3
31,4,0,0.0,0.0,14.0,0.0,3
31,4,1,0.0,0.0,14.0,0.0,3
31,5,0,0.0,0.0,14.0,0.0,3
31,5,1,0.0,0.0,14.0,0.0,3
31,6,0,0.0,0.0,14.0,0.0,3
31,6,1,0.0,0.0,14.0,0.0,3
31,7,0,0.0,0.0,14.0,0.0,3
31,7,1,0.0,0.0,14.0,0.0,3
31,8,0,0.0,0.0,14.0,0.0,3
31,8,1,0.0,0.0,14.0,0.0,3
32,1,0,0.125,0.5,14.0,2.0,4
32,1,1,0.14285714285714285,0.5,12.0,2.0,4
32,2,0,0.0,0.0,14.0,0.0,4
32,2,1,0.0,0.0,14.0,0.0,4
32,3,0,0.0,0.0,14.0,0.0,4
32,3,1,0.0,0.0,14.0,0.0,4
32,4,0,0.0,0.0,14.0,0.0,4
32,4,1,0.0,0.0,14.0,0.0,4
32,5,0,0.25,1.0,12.0,4.0,4
32,5,1,0.25,1.0,12.0,4.0,4
32,6,0,0.14285714285714285,0.5,12.0,2.0,4
32,6,1,0.125,0.5,14.0,2.0,4
32,7,0,0.125,0.5,14.0,2.0,4
32,7,1,0.14285714285714285,0.5,12.0,2.0,4
32,8,0,0.0,0.0,14.0,0.0,4
32,8,1,0.0,0.0,14.0,0.0,4
33,1,0,0.0,,14.0,0.0,1
33,1,1,0.0,,14.0,0.0,1
33,2,0,0.0,,14.0,0.0,1
33,2,1,0.0,,14.0,0.0,1
33,3,0,0.0,,14.0,0.0,1
33,3,1,0.0,,14.0,0.0,1
33,4,0,0.0,,14.0,0.0,1
33,4,1,0.0,,14.0,0.0,1
33,5,0,0.0,,14.0,0.0,1
33,5,1,0.0,,14.0,0.0,1
33,6,0,0.0,,14.0,0.0,1
33,6,1,0.0,,14.0,0.0,1
33,7,0,0.0,,14.0,0.0,1
33,7,1,0.0,,14.0,0.0,1
33,8,0,0.0,,14.0,0.0,1
33,8,1,0.0,,14.0,0.0,1
34,1,0,0.0,0.0,14.0,0.0,2
34,1,1,0.0,0.0,14.0,0.0,2
34,2,0,0.0,0.0,14.0,0.0,2
34,2,1,0.0,0.0,14.0,0.0,2
34,3,0,0.0,0.0,14.0,0.0,2
34,3,1,0.0,0.0,14.0,0.0,2
34,4,0,0.0,0.0,14.0,0.0,2
34,4,1,0.0,0.0,14.0,0.0,2
34,5,0,0.0,0.0,14.0,0.0,2
34,5,1,0.0,0.0,14.0,0.0,2
34,6,0,0.14285714285714285,1.0,12.0,2.0,2
34,6,1,0.125,1.0,14.0,2.0,2
34,7,0,0.0,0.0,14.0,0.0,2
34,7,1,0.0,0.0,14.0,0.0,2
34,8,0,0.0,0.0,14.0,0.0,2
34,8,1,0.0,0.0,14.0,0.0,2
35,1,0,0.0,0.0,14.0,0.0,3
35,1,1,0.0,0.0,14.0,0.0,3
35,2,0,0.0,0.0,14.0,0.0,3
35,2,1,0.0,0.0,14.0,0.0,3
35,3,0,0.0,0.0,14.0,0.0,3
35,3,1,0.0,0.0,14.0,0.0,3
35,4,0,0.0,0.0,14.0,0.0,3
35,4,1,0.0,0.0,14.0,0.0,3
35,5,0,0.0,0.0,14.0,0.0,3
35,5,1,0.0,0.0,14.0,0.0,3
35,6,0,0.0,0.0,14.0,0.0,3
35,6,1,0.0,0.0,14.0,0.0,3
35,7,0,0.0,0.0,14.0,0.0,3
35,7,1,0.0,0.0,14.0,0.0,3
35,8,0,0.0,0.0,14.0,0.0,3
35,8,1,0.0,0.0,14.0,0.0,3
36,1,0,0.4444444444444444,2.0,10.0,8.0,4
36,1,1,0.4444444444444444,2.0,10.0,8.0,4
36,2,0,0.3333333333333333,1.5,12.0,6.0,4
36,2,1,0.375,1.5,10.0,6.0,4
36,3,0,0.3333333333333333,1.5,12.0,6.0,4
36,3,1,0.375,1.5,10.0,6.0,4
36,4,0,0.4444444444444444,2.0,10.0,8.0,4
36,4,1,0.4444444444444444,2.0,10.0,8.0,4
36,5,0,0.4444444444444444,2.0,10.0,8.0,4
36,5,1,0.4444444444444444,2.0,10.0,8.0,4
36,6,0,0.125,0.5,14.0,2.0,4
36,6,1,0.14285714285714285,0.5,12.0,2.0,4
36,7,0,0.2857142857142857,1.0,10.0,4.0,4
36,7,1,0.2222222222222222,1.0,14.0,4.0,4
36,8,0,0.125,0.5,14.0,2.0,4
36,8,1,0.14285714285714285,0.5,12.0,2.0,4
37,1,0,0.0,,14.0,0.0,1
37,1,1,0.0,,14.0,0.0,1
37,2,0,0.0,,14.0,0.0,1
37,2,1,0.0,,14.0,0.0,1
37,3,0,0.0,,14.0,0.0,1
37,3,1,0.0,,14.0,0.0,1
37,4,0,0.0,,14.0,0.0,1
37,4,1,0.0,,14.0,0.0,1
37,5,0,0.0,,14.0,0.0,1
37,5,1,0.0,,14.0,0.0,1
37,6,0,0.0,,14.0,0.0,1
37,6,1,0.0,,14.0,0.0,1
37,7,0,0.0,,14.0,0.0,1
37,7,1,0.0,,14.0,0.0,1
37,8,0,0.0,,14.0,0.0,1
37,8,1,0.0,,14.0,0.0,1
38,1,0,0.0,0.0,14.0,0.0,2
38,1,1,0.0,0.0,14.0,0.0,2
38,2,0,0.0,0.0,14.0,0.0,2
38,2,1,0.0,0.0,14.0,0.0,2
38,3,0,0.0,0.0,14.0,0.0,2
38,3,1,0.0,0.0,14.0,0.0,2
38,4,0,0.0,0.0,14.0,0.0,2
38,4,1,0.0,0.0,14.0,0.0,2
38,5,0,0.0,0.0,14.0,0.0,2
38,5,1,0.0,0.0,14.0,0.0,2
38,6,0,0.0,0.0,14.0,0.0,2
38,6,1,0.0,0.0,14.0,0.0,2
38,7,0,0.0,0.0,14.0,0.0,2
38,7,1,0.0,0.0,14.0,0.0,2
38,8,0,0.0,0.0,14.0,0.0,2
38,8,1,0.0,0.0,14.0,0.0,2
39,1,0,0.0,0.0,14.0,0.0,3
39,1,1,0.0,0.0,14.0,0.0,3
39,2,0,0.0,0.0,14.0,0.0,3
39,2,1,0.0,0.0,14.0,0.0,3
39,3,0,0.0,0.0,14.0,0.0,3
39,3,1,0.0,0.0,14.0,0.0,3
39,4,0,0.0,0.0,14.0,0.0,3
39,4,1,0.0,0.0,14.0,0.0,3
39,5,0,0.0,0.0,14.0,0.0,3
39,5,1,0.0,0.0,14.0,0.0,3
39,6,0,0.0,0.0,14.0,0.0,3
39,6,1,0.0,0.0,14.0,0.0,3
39,7,0,0.0,0.0,14.0,0.0,3
39,7,1,0.0,0.0,14.0,0.0,3
39,8,0,0.0,0.0,14.0,0.0,3
39,8,1,0.0,0.0,14.0,0.0,3
40,1,0,0.0,0.0,14.0,0.0,4
40,1,1,0.0,0.0,14.0,0.0,4
40,2,0,0.0,0.0,14.0,0.0,4
40,2,1,0.0,0.0,14.0,0.0,4
40,3,0,0.0,0.0,14.0,0.0,4
40,3,1,0.0,0.0,14.0,0.0,4
40,4,0,0.0,0.0,14.0,0.0,4
40,4,1,0.0,0.0,14.0,0.0,4
40,5,0,0.0,0.0,14.0,0.0,4
40,5,1,0.0,0.0,14.0,0.0,4
40,6,0,0.0,0.0,14.0,0.0,4
40,6,1,0.0,0.0,14.0,0.0,4
40,7,0,0.0,0.0,14.0,0.0,4
40,7,1,0.0,0.0,14.0,0.0,4
40,8,0,0.0,0.0,14.0,0.0,4
40,8,1,0.0,0.0,14.0,0.0,4
41,1,0,0.0,,14.0,0.0,1
41,1,1,0.0,,14.0,0.0,1
41,2,0,0.0,,14.0,0.0,1
41,2,1,0.0,,14.0,0.0,1
41,3,0,0.0,,14.0,0.0,1
41,3,1,0.0,,14.0,0.0,1
41,4,0,0.0,,14.0,0.0,1
41,4,1,0.0,,14.0,0.0,1
41,5,0,0.0,,14.0,0.0,1
41,5,1,0.0,,14.0,0.0,1
41,6,0,0.0,,14.0,0.0,1
41,6,1,0.0,,14.0,0.0,1
41,7,0,0.0,,14.0,0.0,1
41,7,1,0.0,,14.0,0.0,1
41,8,0,0.0,,14.0,0.0,1
41,8,1,0.0,,14.0,0.0,1
42,1,0,0.25,2.0,12.0,4.0,2
42,1,1,0.25,2.0,12.0,4.0,2
42,2,0,0.25,2.0,12.0,4.0,2
42,2,1,0.25,2.0,12.0,4.0,2
42,3,0,0.0,0.0,14.0,0.0,2
42,3,1,0.0,0.0,14.0,0.0,2
42,4,0,0.0,0.0,14.0,0.0,2
42,4,1,0.0,0.0,14.0,0.0,2
42,5,0,0.0,0.0,14.0,0.0,2
42,5,1,0.0,0.0,14.0,0.0,2
42,6,0,0.0,0.0,14.0,0.0,2
42,6,1,0.0,0.0,14.0,0.0,2
42,7,0,0.0,0.0,14.0,0.0,2
42,7,1,0.0,0.0,14.0,0.0,2
42,8,0,0.0,0.0,14.0,0.0,2
42,8,1,0.0,0.0,14.0,0.0,2
43,1,0,0.0,0.0,14.0,0.0,3
43,1,1,0.0,0.0,14.0,0.0,3
43,2,0,0.0,0.0,14.0,0.0,3
43,2,1,0.0,0.0,14.0,0.0,3
43,3,0,0.0,0.0,14.0,0.0,3
43,3,1,0.0,0.0,14.0,0.0,3
43,4,0,0.0,0.0,14.0,0.0,3
43,4,1,0.0,0.0,14.0,0.0,3
43,5,0,0.0,0.0,14.0,0.0,3
43,5,1,0.0,0.0,14.0,0.0,3
43,6,0,0.0,0.0,14.0,0.0,3
43,6,1,0.0,0.0,14.0,0.0,3
43,7,0,0.0,0.0,14.0,0.0,3
43,7,1,0.0,0.0,14.0,0.0,3
43,8,0,0.0,0.0,14.0,0.0,3
43,8,1,0.0,0.0,14.0,0.0,3
44,1,0,0.0,0.0,14.0,0.0,4
44,1,1,0.0,0.0,14.0,0.0,4
44,2,0,0.0,0.0,14.0,0.0,4
44,2,1,0.0,0.0,14.0,0.0,4
44,3,0,0.0,0.0,14.0,0.0,4
44,3,1,0.0,0.0,14.0,0.0,4
44,4,0,0.0,0.0,14.0,0.0,4
44,4,1,0.0,0.0,14.0,0.0,4
44,5,0,0.0,0.0,14.0,0.0,4
44,5,1,0.0,0.0,14.0,0.0,4
44,6,0,0.0,0.0,14.0,0.0,4
44,6,1,0.0,0.0,14.0,0.0,4
44,7,0,0.0,0.0,14.0,0.0,4
44,7,1,0.0,0.0,14.0,0.0,4
44,8,0,0.0,0.0,14.0,0.0,4
44,8,1,0.0,0.0,14.0,0.0,4
45,1,0,0.0,,14.0,0.0,1
45,1,1,0.0,,14.0,0.0,1
45,2,0,0.0,,14.0,0.0,1
45,2,1,0.0,,14.0,0.0,1
45,3,0,0.0,,14.0,0.0,1
45,3,1,0.0,,14.0,0.0,1
45,4,0,0.0,,14.0,0.0,1
45,4,1,0.0,,14.0,0.0,1
45,5,0,0.0,,14.0,0.0,1
45,5,1,0.0,,14.0,0.0,1
45,6,0,0.0,,14.0,0.0,1
45,6,1,0.0,,14.0,0.0,1
45,7,0,0.0,,14.0,0.0,1
45,7,1,0.0,,14.0,0.0,1
45,8,0,0.0,,14.0,0.0,1
45,8,1,0.0,,14.0,0.0,1
46,1,0,0.0,0.0,14.0,0.0,2
46,1,1,0.0,0.0,14.0,0.0,2
46,2,0,0.0,0.0,14.0,0.0,2
46,2,1,0.0,0.0,14.0,0.0,2
46,3,0,0.0,0.0,14.0,0.0,2
46,3,1,0.0,0.0,14.0,0.0,2
46,4,0,0.0,0.0,14.0,0.0,2
46,4,1,0.0,0.0,14.0,0.0,2
46,5,0,0.0,0.0,14.0,0.0,2
46,5,1,0.0,0.0,14.0,0.0,2
46,6,0,0.0,0.0,14.0,0.0,2
46,6,1,0.0,0.0,14.0,0.0,2
46,7,0,0.0,0.0,14.0,0.0,2
46,7,1,0.0,0.0,14.0,0.0,2
46,8,0,0.0,0.0,14.0,0.0,2
46,8,1,0.0,0.0,14.0,0.0,2
47,1,0,0.0,0.0,14.0,0.0,3
47,1,1,0.0,0.0,14.0,0.0,3
47,2,0,0.0,0.0,14.0,0.0,3
47,2,1,0.0,0.0,14.0,0.0,3
47,3,0,0.0,0.0,14.0,0.0,3
47,3,1,0.0,0.0,14.0,0.0,3
47,4,0,0.0,0.0,14.0,0.0,3
47,4,1,0.0,0.0,14.0,0.0,3
47,5,0,0.0,0.0,14.0,0.0,3
47,5,1,0.0,0.0,14.0,0.0,3
47,6,0,0.0,0.0,14.0,0.0,3
47,6,1,0.0,0.0,14.0,0.0,3
47,7,0,0.0,0.0,14.0,0.0,3
47,7,1,0.0,0.0,14.0,0.0,3
47,8,0,0.0,0.0,14.0,0.0,3
47,8,1,0.0,0.0,14.0,0.0,3
48,1,0,0.0,0.0,14.0,0.0,4
48,1,1,0.0,0.0,14.0,0.0,4
48,2,0,0.0,0.0,14.0,0.0,4
48,2,1,0.0,0.0,14.0,0.0,4
48,3,0,0.0,0.0,14.0,0.0,4
48,3,1,0.0,0.0,14.0,0.0,4
48,4,0,0.0,0.0,14.0,0.0,4
48,4,1,0.0,0.0,14.0,0.0,4
48,5,0,0.0,0.0,14.0,0.0,4
48,5,1,0.0,0.0,14.0,0.0,4
48,6,0,0.0,0.0,14.0,0.0,4
48,6,1,0.0,0.0,14.0,0.0,4
48,7,0,0.0,0.0,14.0,0.0,4
48,7,1,0.0,0.0,14.0,0.0,4
48,8,0,0.0,0.0,14.0,0.0,4
48,8,1,0.0,0.0,14.0,0.0,4
49,1,0,0.0,,14.0,0.0,1
49,1,1,0.0,,14.0,0.0,1
49,2,0,0.0,,14.0,0.0,1
49,2,1,0.0,,14.0,0.0,1
49,3,0,0.0,,14.0,0.0,1
49,3,1,0.0,,14.0,0.0,1
49,4,0,0.0,,14.0,0.0,1
49,4,1,0.0,,14.0,0.0,1
49,5,0,0.0,,14.0,0.0,1
49,5,1,0.0,,14.0,0.0,1
49,6,0,0.0,,14.0,0.0,1
49,6,1,0.0,,14.0,0.0,1
49,7,0,0.0,,14.0,0.0,1
49,7,1,0.0,,14.0,0.0,1
49,8,0,0.0,,14.0,0.0,1
49,8,1,0.0,,14.0,0.0,1
50,1,0,0.0,0.0,14.0,0.0,2
50,1,1,0.0,0.0,14.0,0.0,2
50,2,0,0.0,0.0,14.0,0.0,2
50,2,1,0.0,0.0,14.0,0.0,2
50,3,0,0.0,0.0,14.0,0.0,2
50,3,1,0.0,0.0,14.0,0.0,2
50,4,0,0.0,0.0,14.0,0.0,2
50,4,1,0.0,0.0,14.0,0.0,2
50,5,0,0.0,0.0,14.0,0.0,2
50,5,1,0.0,0.0,14.0,0.0,2
50,6,0,0.25,2.0,12.0,4.0,2
50,6,1,0.25,2.0,12.0,4.0,2
50,7,0,0.125,1.0,14.0,2.0,2
50,7,1,0.14285714285714285,1.0,12.0,2.0,2
50,8,0,0.125,1.0,14.0,2.0,2
50,8,1,0.14285714285714285,1.0,12.0,2.0,2
51,1,0,0.0,0.0,14.0,0.0,3
51,1,1,0.0,0.0,14.0,0.0,3
51,2,0,0.0,0.0,14.0,0.0,3
51,2,1,0.0,0.0,14.0,0.0,3
51,3,0,0.0,0.0,14.0,0.0,3
51,3,1,0.0,0.0,14.0,0.0,3
51,4,0,0.0,0.0,14.0,0.0,3
51,4,1,0.0,0.0,14.0,0.0,3
51,5,0,0.0,0.0,14.0,0.0,3
51,5,1,0.0,0.0,14.0,0.0,3
51,6,0,0.0,0.0,14.0,0.0,3
51,6,1,0.0,0.0,14.0,0.0,3
51,7,0,0.0,0.0,14.0,0.0,3
51,7,1,0.0,0.0,14.0,0.0,3
51,8,0,0.0,0.0,14.0,0.0,3
51,8,1,0.0,0.0,14.0,0.0,3
52,1,0,0.0,0.0,14.0,0.0,4
52,1,1,0.0,0.0,14.0,0.0,4
52,2,0,0.0,0.0,14.0,0.0,4
52,2,1,0.0,0.0,14.0,0.0,4
52,3,0,0.0,0.0,14.0,0.0,4
52,3,1,0.0,0.0,14.0,0.0,4
52,4,0,0.0,0.0,14.0,0.0,4
52,4,1,0.0,0.0,14.0,0.0,4
52,5,0,0.0,0.0,14.0,0.0,4
52,5,1,0.0,0.0,14.0,0.0,4
52,6,0,0.0,0.0,14.0,0.0,4
52,6,1,0.0,0.0,14.0,0.0,4
52,7,0,0.0,0.0,14.0,0.0,4
52,7,1,0.0,0.0,14.0,0.0,4
52,8,0,0.0,0.0,14.0,0.0,4
52,8,1,0.0,0.0,14.0,0.0,4
53,1,0,0.0,,14.0,0.0,1
53,1,1,0.0,,14.0,0.0,1
53,2,0,0.0,,14.0,0.0,1
53,2,1,0.0,,14.0,0.0,1
53,3,0,0.0,,14.0,0.0,1
53,3,1,0.0,,14.0,0.0,1
53,4,0,0.0,,14.0,0.0,1
53,4,1,0.0,,14.0,0.0,1
53,5,0,0.0,,14.0,0.0,1
53,5,1,0.0,,14.0,0.0,1
53,6,0,0.0,,14.0,0.0,1
53,6,1,0.0,,14.0,0.0,1
53,7,0,0.0,,14.0,0.0,1
53,7,1,0.0,,14.0,0.0,1
53,8,0,0.0,,14.0,0.0,1
53,8,1,0.0,,14.0,0.0,1
54,1,0,0.0,0.0,14.0,0.0,2
54,1,1,0.0,0.0,14.0,0.0,2
54,2,0,0.0,0.0,14.0,0.0,2
54,2,1,0.0,0.0,14.0,0.0,2
54,3,0,0.0,0.0,14.0,0.0,2
54,3,1,0.0,0.0,14.0,0.0,2
54,4,0,0.0,0.0,14.0,0.0,2
54,4,1,0.0,0.0,14.0,0.0,2
54,5,0,0.0,0.0,14.0,0.0,2
54,5,1,0.0,0.0,14.0,0.0,2
54,6,0,0.25,2.0,12.0,4.0,2
54,6,1,0.25,2.0,12.0,4.0,2
54,7,0,0.0,0.0,14.0,0.0,2
54,7,1,0.0,0.0,14.0,0.0,2
54,8,0,0.0,0.0,14.0,0.0,2
54,8,1,0.0,0.0,14.0,0.0,2
55,1,0,0.0,0.0,14.0,0.0,3
55,1,1,0.0,0.0,14.0,0.0,3
55,2,0,0.0,0.0,14.0,0.0,3
55,2,1,0.0,0.0,14.0,0.0,3
55,3,0,0.0,0.0,14.0,0.0,3
55,3,1,0.0,0.0,14.0,0.0,3
55,4,0,0.0,0.0,14.0,0.0,3
55,4,1,0.0,0.0,14.0,0.0,3
55,5,0,0.0,0.0,14.0,0.0,3
55,5,1,0.0,0.0,14.0,0.0,3
55,6,0,0.0,0.0,14.0,0.0,3
55,6,1,0.0,0.0,14.0,0.0,3
55,7,0,0.0,0.0,14.0,0.0,3
55,7,1,0.0,0.0,14.0,0.0,3
55,8,0,0.0,0.0,14.0,0.0,3
55,8,1,0.0,0.0,14.0,0.0,3
56,1,0,0.14285714285714285,0.5,12.0,2.0,4
56,1,1,0.125,0.5,14.0,2.0,4
56,2,0,0.0,0.0,14.0,0.0,4
56,2,1,0.0,0.0,14.0,0.0,4
56,3,0,0.0,0.0,14.0,0.0,4
56,3,1,0.0,0.0,14.0,0.0,4
56,4,0,0.0,0.0,14.0,0.0,4
56,4,1,0.0,0.0,14.0,0.0,4
56,5,0,0.0,0.0,14.0,0.0,4
56,5,1,0.0,0.0,14.0,0.0,4
56,6,0,0.0,0.0,14.0,0.0,4
56,6,1,0.0,0.0,14.0,0.0,4
56,7,0,0.14285714285714285,0.5,12.0,2.0,4
56,7,1,0.125,0.5,14.0,2.0,4
56,8,0,0.125,0.5,14.0,2.0,4
56,8,1,0.14285714285714285,0.5,12.0,2.0,4
57,1,0,0.0,,14.0,0.0,1
57,1,1,0.0,,14.0,0.0,1
57,2,0,0.0,,14.0,0.0,1
57,2,1,0.0,,14.0,0.0,1
57,3,0,0.0,,14.0,0.0,1
57,3,1,0.0,,14.0,0.0,1
57,4,0,0.0,,14.0,0.0,1
57,4,1,0.0,,14.0,0.0,1
57,5,0,0.0,,14.0,0.0,1
57,5,1,0.0,,14.0,0.0,1
57,6,0,0.0,,14.0,0.0,1
57,6,1,0.0,,14.0,0.0,1
57,7,0,0.0,,14.0,0.0,1
57,7,1,0.0,,14.0,0.0,1
57,8,0,0.0,,14.0,0.0,1
57,8,1,0.0,,14.0,0.0,1
58,1,0,0.0,0.0,14.0,0.0,2
58,1,1,0.0,0.0,14.0,0.0,2
58,2,0,0.0,0.0,14.0,0.0,2
58,2,1,0.0,0.0,14.0,0.0,2
58,3,0,0.0,0.0,14.0,0.0,2
58,3,1,0.0,0.0,14.0,0.0,2
58,4,0,0.0,0.0,14.0,0.0,2
58,4,1,0.0,0.0,14.0,0.0,2
58,5,0,0.0,0.0,14.0,0.0,2
58,5,1,0.0,0.0,14.0,0.0,2
58,6,0,0.0,0.0,14.0,0.0,2
58,6,1,0.0,0.0,14.0,0.0,2
58,7,0,0.0,0.0,14.0,0.0,2
58,7,1,0.0,0.0,14.0,0.0,2
58,8,0,0.0,0.0,14.0,0.0,2
58,8,1,0.0,0.0,14.0,0.0,2
59,1,0,0.0,0.0,14.0,0.0,3
59,1,1,0.0,0.0,14.0,0.0,3
59,2,0,0.0,0.0,14.0,0.0,3
59,2,1,0.0,0.0,14.0,0.0,3
59,3,0,0.0,0.0,14.0,0.0,3
59,3,1,0.0,0.0,14.0,0.0,3
59,4,0,0.0,0.0,14.0,0.0,3
59,4,1,0.0,0.0,14.0,0.0,3
59,5,0,0.0,0.0,14.0,0.0,3
59,5,1,0.0,0.0,14.0,0.0,3
59,6,0,0.0,0.0,14.0,0.0,3
59,6,1,0.0,0.0,14.0,0.0,3
59,7,0,0.0,0.0,14.0,0.0,3
59,7,1,0.0,0.0,14.0,0.0,3
59,8,0,0.0,0.0,14.0,0.0,3
59,8,1,0.0,0.0,14.0,0.0,3
60,1,0,0.0,0.0,14.0,0.0,4
60,1,1,0.0,0.0,14.0,0.0,4
60,2,0,0.125,0.5,14.0,2.0,4
60,2,1,0.14285714285714285,0.5,12.0,2.0,4
60,3,0,0.0,0.0,14.0,0.0,4
60,3,1,0.0,0.0,14.0,0.0,4
60,4,0,0.0,0.0,14.0,0.0,4
60,4,1,0.0,0.0,14.0,0.0,4
60,5,0,0.0,0.0,14.0,0.0,4
60,5,1,0.0,0.0,14.0,0.0,4
60,6,0,0.0,0.0,14.0,0.0,4
60,6,1,0.0,0.0,14.0,0.0,4
60,7,0,0.0,0.0,14.0,0.0,4
60,7,1,0.0,0.0,14.0,0.0,4
60,8,0,0.0,0.0,14.0,0.0,4
60,8,1,0.0,0.0,14.0,0.0,4
61,1,0,0.0,,14.0,0.0,1
61,1,1,0.0,,14.0,0.0,1
61,2,0,0.0,,14.0,0.0,1
61,2,1,0.0,,14.0,0.0,1
61,3,0,0.0,,14.0,0.0,1
61,3,1,0.0,,14.0,0.0,1
61,4,0,0.0,,14.0,0.0,1
61,4,1,0.0,,14.0,0.0,1
61,5,0,0.0,,14.0,0.0,1
61,5,1,0.0,,14.0,0.0,1
61,6,0,0.0,,14.0,0.0,1
61,6,1,0.0,,14.0,0.0,1
61,7,0,0.0,,14.0,0.0,1
61,7,1,0.0,,14.0,0.0,1
61,8,0,0.0,,14.0,0.0,1
61,8,1,0.0,,14.0,0.0,1
62,1,0,0.0,0.0,14.0,0.0,2
62,1,1,0.0,0.0,14.0,0.0,2
62,2,0,0.0,0.0,14.0,0.0,2
62,2,1,0.0,0.0,14.0,0.0,2
62,3,0,0.0,0.0,14.0,0.0,2
62,3,1,0.0,0.0,14.0,0.0,2
62,4,0,0.0,0.0,14.0,0.0,2
62,4,1,0.0,0.0,14.0,0.0,2
62,5,0,0.0,0.0,14.0,0.0,2
62,5,1,0.0,0.0,14.0,0.0,2
62,6,0,0.0,0.0,14.0,0.0,2
62,6,1,0.0,0.0,14.0,0.0,2
62,7,0,0.0,0.0,14.0,0.0,2
62,7,1,0.0,0.0,14.0,0.0,2
62,8,0,0.0,0.0,14.0,0.0,2
62,8,1,0.0,0.0,14.0,0.0,2
63,1,0,0.0,0.0,14.0,0.0,3
63,1,1,0.0,0.0,14.0,0.0,3
63,2,0,0.0,0.0,14.0,0.0,3
63,2,1,0.0,0.0,14.0,0.0,3
63,3,0,0.0,0.0,14.0,0.0,3
63,3,1,0.0,0.0,14.0,0.0,3
63,4,0,0.0,0.0,14.0,0.0,3
63,4,1,0.0,0.0,14.0,0.0,3
63,5,0,0.0,0.0,14.0,0.0,3
63,5,1,0.0,0.0,14.0,0.0,3
63,6,0,0.0,0.0,14.0,0.0,3
63,6,1,0.0,0.0,14.0,0.0,3
63,7,0,0.0,0.0,14.0,0.0,3
63,7,1,0.0,0.0,14.0,0.0,3
63,8,0,0.0,0.0,14.0,0.0,3
63,8,1,0.0,0.0,14.0,0.0,3
64,1,0,0.125,0.5,14.0,2.0,4
64,1,1,0.14285714285714285,0.5,12.0,2.0,4
64,2,0,0.375,1.5,10.0,6.0,4
64,2,1,0.3333333333333333,1.5,12.0,6.0,4
64,3,0,0.0,0.0,14.0,0.0,4
64,3,1,0.0,0.0,14.0,0.0,4
64,4,0,0.0,0.0,14.0,0.0,4
64,4,1,0.0,0.0,14.0,0.0,4
64,5,0,0.0,0.0,14.0,0.0,4
64,5,1,0.0,0.0,14.0,0.0,4
64,6,0,0.0,0.0,14.0,0.0,4
64,6,1,0.0,0.0,14.0,0.0,4
64,7,0,0.0,0.0,14.0,0.0,4
64,7,1,0.0,0.0,14.0,0.0,4
64,8,0,0.14285714285714285,0.5,12.0,2.0,4
64,8,1,0.125,0.5,14.0,2.0,4
65,1,0,0.0,,14.0,0.0,1
65,1,1,0.0,,14.0,0.0,1
65,2,0,0.0,,14.0,0.0,1
65,2,1,0.0,,14.0,0.0,1
65,3,0,0.0,,14.0,0.0,1
65,3,1,0.0,,14.0,0.0,1
65,4,0,0.0,,14.0,0.0,1
65,4,1,0.0,,14.0,0.0,1
65,5,0,0.0,,14.0,0.0,1
65,5,1,0.0,,14.0,0.0,1
65,6,0,0.0,,14.0,0.0,1
65,6,1,0.0,,14.0,0.0,1
65,7,0,0.0,,14.0,0.0,1
65,7,1,0.0,,14.0,0.0,1
65,8,0,0.0,,14.0,0.0,1
65,8,1,0.0,,14.0,0.0,1
66,1,0,0.0,0.0,14.0,0.0,2
66,1,1,0.0,0.0,14.0,0.0,2
66,2,0,0.0,0.0,14.0,0.0,2
66,2,1,0.0,0.0,14.0,0.0,2
66,3,0,0.0,0.0,14.0,0.0,2
66,3,1,0.0,0.0,14.0,0.0,2
66,4,0,0.0,0.0,14.0,0.0,2
66,4,1,0.0,0.0,14.0,0.0,2
66,5,0,0.125,1.0,14.0,2.0,2
66,5,1,0.14285714285714285,1.0,12.0,2.0,2
66,6,0,0.0,0.0,14.0,0.0,2
66,6,1,0.0,0.0,14.0,0.0,2
66,7,0,0.0,0.0,14.0,0.0,2
66,7,1,0.0,0.0,14.0,0.0,2
66,8,0,0.125,1.0,14.0,2.0,2
66,8,1,0.14285714285714285,1.0,12.0,2.0,2
67,1,0,0.0,0.0,14.0,0.0,3
67,1,1,0.0,0.0,14.0,0.0,3
67,2,0,0.14285714285714285,1.0,12.0,2.0,3
67,2,1,0.125,1.0,14.0,2.0,3
67,3,0,0.0,0.0,14.0,0.0,3
67,3,1,0.0,0.0,14.0,0.0,3
67,4,0,0.25,2.0,12.0,4.0,3
67,4,1,0.25,2.0,12.0,4.0,3
67,5,0,0.25,2.0,12.0,4.0,3
67,5,1,0.25,2.0,12.0,4.0,3
67,6,0,0.25,2.0,12.0,4.0,3
67,6,1,0.25,2.0,12.0,4.0,3
67,7,0,0.14285714285714285,1.0,12.0,2.0,3
67,7,1,0.125,1.0,14.0,2.0,3
67,8,0,0.125,1.0,14.0,2.0,3
67,8,1,0.14285714285714285,1.0,12.0,2.0,3
68,1,0,0.0,0.0,14.0,0.0,4
68,1,1,0.0,0.0,14.0,0.0,4
68,2,0,0.14285714285714285,0.5,12.0,2.0,4
68,2,1,0.125,0.5,14.0,2.0,4
68,3,0,0.14285714285714285,0.5,12.0,2.0,4
68,3,1,0.125,0.5,14.0,2.0,4
68,4,0,0.0,0.0,14.0,0.0,4
68,4,1,0.0,0.0,14.0,0.0,4
68,5,0,0.14285714285714285,0.5,12.0,2.0,4
68,5,1,0.125,0.5,14.0,2.0,4
68,6,0,0.0,0.0,14.0,0.0,4
68,6,1,0.0,0.0,14.0,0.0,4
68,7,0,0.0,0.0,14.0,0.0,4
68,7,1,0.0,0.0,14.0,0.0,4
68,8,0,0.0,0.0,14.0,0.0,4
68,8,1,0.0,0.0,14.0,0.0,4
69,1,0,0.0,,14.0,0.0,1
69,1,1,0.0,,14.0,0.0,1
69,2,0,0.0,,14.0,0.0,1
69,2,1,0.0,,14.0,0.0,1
69,3,0,0.0,,14.0,0.0,1
69,3,1,0.0,,14.0,0.0,1
69,4,0,0.0,,14.0,0.0,1
69,4,1,0.0,,14.0,0.0,1
69,5,0,0.0,,14.0,0.0,1
69,5,1,0.0,,14.0,0.0,1
69,6,0,0.0,,14.0,0.0,1
69,6,1,0.0,,14.0,0.0,1
69,7,0,0.0,,14.0,0.0,1
69,7,1,0.0,,14.0,0.0,1
69,8,0,0.0,,14.0,0.0,1
69,8,1,0.0,,14.0,0.0,1
70,1,0,0.0,0.0,14.0,0.0,2
70,1,1,0.0,0.0,14.0,0.0,2
70,2,0,0.0,0.0,14.0,0.0,2
70,2,1,0.0,0.0,14.0,0.0,2
70,3,0,0.0,0.0,14.0,0.0,2
70,3,1,0.0,0.0,14.0,0.0,2
70,4,0,0.0,0.0,14.0,0.0,2
70,4,1,0.0,0.0,14.0,0.0,2
70,5,0,0.0,0.0,14.0,0.0,2
70,5,1,0.0,0.0,14.0,0.0,2
70,6,0,0.0,0.0,14.0,0.0,2
70,6,1,0.0,0.0,14.0,0.0,2
70,7,0,0.0,0.0,14.0,0.0,2
70,7,1,0.0,0.0,14.0,0.0,2
70,8,0,0.0,0.0,14.0,0.0,2
70,8,1,0.0,0.0,14.0,0.0,2
71,1,0,0.0,0.0,14.0,0.0,3
71,1,1,0.0,0.0,14.0,0.0,3
71,2,0,0.0,0.0,14.0,0.0,3
71,2,1,0.0,0.0,14.0,0.0,3
71,3,0,0.0,0.0,14.0,0.0,3
71,3,1,0.0,0.0,14.0,0.0,3
71,4,0,0.0,0.0,14.0,0.0,3
71,4,1,0.0,0.0,14.0,0.0,3
71,5,0,0.0,0.0,14.0,0.0,3
71,5,1,0.0,0.0,14.0,0.0,3
71,6,0,0.0,0.0,14.0,0.0,3
71,6,1,0.0,0.0,14.0,0.0,3
71,7,0,0.0,0.0,14.0,0.0,3
71,7,1,0.0,0.0,14.0,0.0,3
71,8,0,0.0,0.0,14.0,0.0,3
71,8,1,0.0,0.0,14.0,0.0,3
72,1,0,0.0,0.0,14.0,0.0,4
72,1,1,0.0,0.0,14.0,0.0,4
72,2,0,0.0,0.0,14.0,0.0,4
72,2,1,0.0,0.0,14.0,0.0,4
72,3,0,0.0,0.0,14.0,0.0,4
72,3,1,0.0,0.0,14.0,0.0,4
72,4,0,0.0,0.0,14.0,0.0,4
72,4,1,0.0,0.0,14.0,0.0,4
72,5,0,0.0,0.0,14.0,0.0,4
72,5,1,0.0,0.0,14.0,0.0,4
72,6,0,0.0,0.0,14.0,0.0,4
72,6,1,0.0,0.0,14.0,0.0,4
72,7,0,0.0,0.0,14.0,0.0,4
72,7,1,0.0,0.0,14.0,0.0,4
72,8,0,0.0,0.0,14.0,0.0,4
72,8,1,0.0,0.0,14.0,0.0,4
73,1,0,0.0,,14.0,0.0,1
73,1,1,0.0,,14.0,0.0,1
73,2,0,0.0,,14.0,0.0,1
73,2,1,0.0,,14.0,0.0,1
73,3,0,0.0,,14.0,0.0,1
73,3,1,0.0,,14.0,0.0,1
73,4,0,0.0,,14.0,0.0,1
73,4,1,0.0,,14.0,0.0,1
73,5,0,0.0,,14.0,0.0,1
73,5,1,0.0,,14.0,0.0,1
73,6,0,0.0,,14.0,0.0,1
73,6,1,0.0,,14.0,0.0,1
73,7,0,0.0,,14.0,0.0,1
73,7,1,0.0,,14.0,0.0,1
73,8,0,0.0,,14.0,0.0,1
73,8,1,0.0,,14.0,0.0,1
74,1,0,0.0,0.0,14.0,0.0,2
74,1,1,0.0,0.0,14.0,0.0,2
74,2,0,0.0,0.0,14.0,0.0,2
74,2,1,0.0,0.0,14.0,0.0,2
74,3,0,0.0,0.0,14.0,0.0,2
74,3,1,0.0,0.0,14.0,0.0,2
74,4,0,0.0,0.0,14.0,0.0,2
74,4,1,0.0,0.0,14.0,0.0,2
74,5,0,0.0,0.0,14.0,0.0,2
74,5,1,0.0,0.0,14.0,0.0,2
74,6,0,0.0,0.0,14.0,0.0,2
74,6,1,0.0,0.0,14.0,0.0,2
74,7,0,0.0,0.0,14.0,0.0,2
74,7,1,0.0,0.0,14.0,0.0,2
74,8,0,0.0,0.0,14.0,0.0,2
74,8,1,0.0,0.0,14.0,0.0,2
75,1,0,0.0,0.0,14.0,0.0,3
75,1,1,0.0,0.0,14.0,0.0,3
75,2,0,0.0,0.0,14.0,0.0,3
75,2,1,0.0,0.0,14.0,0.0,3
75,3,0,0.0,0.0,14.0,0.0,3
75,3,1,0.0,0.0,14.0,0.0,3
75,4,0,0.0,0.0,14.0,0.0,3
75,4,1,0.0,0.0,14.0,0.0,3
75,5,0,0.0,0.0,14.0,0.0,3
75,5,1,0.0,0.0,14.0,0.0,3
75,6,0,0.0,0.0,14.0,0.0,3
75,6,1,0.0,0.0,14.0,0.0,3
75,7,0,0.0,0.0,14.0,0.0,3
75,7,1,0.0,0.0,14.0,0.0,3
75,8,0,0.0,0.0,14.0,0.0,3
75,8,1,0.0,0.0,14.0,0.0,3
76,1,0,0.0,0.0,14.0,0.0,4
76,1,1,0.0,0.0,14.0,0.0,4
76,2,0,0.0,0.0,14.0,0.0,4
76,2,1,0.0,0.0,14.0,0.0,4
76,3,0,0.0,0.0,14.0,0.0,4
76,3,1,0.0,0.0,14.0,0.0,4
76,4,0,0.0,0.0,14.0,0.0,4
76,4,1,0.0,0.0,14.0,0.0,4
76,5,0,0.0,0.0,14.0,0.0,4
76,5,1,0.0,0.0,14.0,0.0,4
76,6,0,0.0,0.0,14.0,0.0,4
76,6,1,0.0,0.0,14.0,0.0,4
76,7,0,0.0,0.0,14.0,0.0,4
76,7,1,0.0,0.0,14.0,0.0,4
76,8,0,0.0,0.0,14.0,0.0,4
76,8,1,0.0,0.0,14.0,0.0,4
77,1,0,0.0,,14.0,0.0,1
77,1,1,0.0,,14.0,0.0,1
77,2,0,0.0,,14.0,0.0,1
77,2,1,0.0,,14.0,0.0,1
77,3,0,0.0,,14.0,0.0,1
77,3,1,0.0,,14.0,0.0,1
77,4,0,0.0,,14.0,0.0,1
77,4,1,0.0,,14.0,0.0,1
77,5,0,0.0,,14.0,0.0,1
77,5,1,0.0,,14.0,0.0,1
77,6,0,0.0,,14.0,0.0,1
77,6,1,0.0,,14.0,0.0,1
77,7,0,0.0,,14.0,0.0,1
77,7,1,0.0,,14.0,0.0,1
77,8,0,0.0,,14.0,0.0,1
77,8,1,0.0,,14.0,0.0,1
78,1,0,0.0,0.0,14.0,0.0,2
78,1,1,0.0,0.0,14.0,0.0,2
78,2,0,0.0,0.0,14.0,0.0,2
78,2,1,0.0,0.0,14.0,0.0,2
78,3,0,0.0,0.0,14.0,0.0,2
78,3,1,0.0,0.0,14.0,0.0,2
78,4,0,0.0,0.0,14.0,0.0,2
78,4,1,0.0,0.0,14.0,0.0,2
78,5,0,0.0,0.0,14.0,0.0,2
78,5,1,0.0,0.0,14.0,0.0,2
78,6,0,0.0,0.0,14.0,0.0,2
78,6,1,0.0,0.0,14.0,0.0,2
78,7,0,0.0,0.0,14.0,0.0,2
78,7,1,0.0,0.0,14.0,0.0,2
78,8,0,0.125,1.0,14.0,2.0,2
78,8,1,0.14285714285714285,1.0,12.0,2.0,2
79,1,0,0.0,0.0,14.0,0.0,3
79,1,1,0.0,0.0,14.0,0.0,3
79,2,0,0.0,0.0,14.0,0.0,3
79,2,1,0.0,0.0,14.0,0.0,3
79,3,0,0.0,0.0,14.0,0.0,3
79,3,1,0.0,0.0,14.0,0.0,3
79,4,0,0.14285714285714285,1.0,12.0,2.0,3
79,4,1,0.125,1.0,14.0,2.0,3
79,5,0,0.0,0.0,14.0,0.0,3
79,5,1,0.0,0.0,14.0,0.0,3
79,6,0,0.0,0.0,14.0,0.0,3
79,6,1,0.0,0.0,14.0,0.0,3
79,7,0,0.0,0.0,14.0,0.0,3
79,7,1,0.0,0.0,14.0,0.0,3
79,8,0,0.0,0.0,14.0,0.0,3
79,8,1,0.0,0.0,14.0,0.0,3
80,1,0,0.0,0.0,14.0,0.0,4
80,1,1,0.0,0.0,14.0,0.0,4
80,2,0,0.0,0.0,14.0,0.0,4
80,2,1,0.0,0.0,14.0,0.0,4
80,3,0,0.0,0.0,14.0,0.0,4
80,3,1,0.0,0.0,14.0,0.0,4
80,4,0,0.0,0.0,14.0,0.0,4
80,4,1,0.0,0.0,14.0,0.0,4
80,5,0,0.0,0.0,14.0,0.0,4
80,5,1,0.0,0.0,14.0,0.0,4
80,6,0,0.0,0.0,14.0,0.0,4
80,6,1,0.0,0.0,14.0,0.0,4
80,7,0,0.0,0.0,14.0,0.0,4
80,7,1,0.0,0.0,14.0,0.0,4
80,8,0,0.125,0.5,14.0,2.0,4
80,8,1,0.14285714285714285,0.5,12.0,2.0,4
81,1,0,0.0,,14.0,0.0,1
81,1,1,0.0,,14.0,0.0,1
81,2,0,0.0,,14.0,0.0,1
81,2,1,0.0,,14.0,0.0,1
81,3,0,0.0,,14.0,0.0,1
81,3,1,0.0,,14.0,0.0,1
81,4,0,0.0,,14.0,0.0,1
81,4,1,0.0,,14.0,0.0,1
81,5,0,0.0,,14.0,0.0,1
81,5,1,0.0,,14.0,0.0,1
81,6,0,0.0,,14.0,0.0,1
81,6,1,0.0,,14.0,0.0,1
81,7,0,0.0,,14.0,0.0,1
81,7,1,0.0,,14.0,0.0,1
81,8,0,0.0,,14.0,0.0,1
81,8,1,0.0,,14.0,0.0,1
82,1,0,0.125,1.0,14.0,2.0,2
82,1,1,0.14285714285714285,1.0,12.0,2.0,2
82,2,0,0.0,0.0,14.0,0.0,2
82,2,1,0.0,0.0,14.0,0.0,2
82,3,0,0.0,0.0,14.0,0.0,2
82,3,1,0.0,0.0,14.0,0.0,2
82,4,0,0.0,0.0,14.0,0.0,2
82,4,1,0.0,0.0,14.0,0.0,2
82,5,0,0.0,0.0,14.0,0.0,2
82,5,1,0.0,0.0,14.0,0.0,2
82,6,0,0.0,0.0,14.0,0.0,2
82,6,1,0.0,0.0,14.0,0.0,2
82,7,0,0.0,0.0,14.0,0.0,2
82,7,1,0.0,0.0,14.0,0.0,2
82,8,0,0.0,0.0,14.0,0.0,2
82,8,1,0.0,0.0,14.0,0.0,2
83,1,0,0.25,2.0,12.0,4.0,3
83,1,1,0.25,2.0,12.0,4.0,3
83,2,0,0.14285714285714285,1.0,12.0,2.0,3
83,2,1,0.125,1.0,14.0,2.0,3
83,3,0,0.0,0.0,14.0,0.0,3
83,3,1,0.0,0.0,14.0,0.0,3
83,4,0,0.14285714285714285,1.0,12.0,2.0,3
83,4,1,0.125,1.0,14.0,2.0,3
83,5,0,0.0,0.0,14.0,0.0,3
83,5,1,0.0,0.0,14.0,0.0,3
83,6,0,0.125,1.0,14.0,2.0,3
83,6,1,0.14285714285714285,1.0,12.0,2.0,3
83,7,0,0.0,0.0,14.0,0.0,3
83,7,1,0.0,0.0,14.0,0.0,3
83,8,0,0.0,0.0,14.0,0.0,3
83,8,1,0.0,0.0,14.0,0.0,3
84,1,0,0.25,1.0,12.0,4.0,4
84,1,1,0.25,1.0,12.0,4.0,4
84,2,0,0.25,1.0,12.0,4.0,4
84,2,1,0.25,1.0,12.0,4.0,4
84,3,0,0.125,0.5,14.0,2.0,4
84,3,1,0.14285714285714285,0.5,12.0,2.0,4
84,4,0,0.0,0.0,14.0,0.0,4
84,4,1,0.0,0.0,14.0,0.0,4
84,5,0,0.0,0.0,14.0,0.0,4
84,5,1,0.0,0.0,14.0,0.0,4
84,6,0,0.0,0.0,14.0,0.0,4
84,6,1,0.0,0.0,14.0,0.0,4
84,7,0,0.0,0.0,14.0,0.0,4
84,7,1,0.0,0.0,14.0,0.0,4
84,8,0,0.0,0.0,14.0,0.0,4
84,8,1,0.0,0.0,14.0,0.0,4
85,1,0,0.0,,14.0,0.0,1
85,1,1,0.0,,14.0,0.0,1
85,2,0,0.0,,14.0,0.0,1
85,2,1,0.0,,14.0,0.0,1
85,3,0,0.0,,14.0,0.0,1
85,3,1,0.0,,14.0,0.0,1
85,4,0,0.0,,14.0,0.0,1
85,4,1,0.0,,14.0,0.0,1
85,5,0,0.0,,14.0,0.0,1
85,5,1,0.0,,14.0,0.0,1
85,6,0,0.0,,14.0,0.0,1
85,6,1,0.0,,14.0,0.0,1
85,7,0,0.0,,14.0,0.0,1
85,7,1,0.0,,14.0,0.0,1
85,8,0,0.0,,14.0,0.0,1
85,8,1,0.0,,14.0,0.0,1
86,1,0,0.0,0.0,14.0,0.0,2
86,1,1,0.0,0.0,14.0,0.0,2
86,2,0,0.0,0.0,14.0,0.0,2
86,2,1,0.0,0.0,14.0,0.0,2
86,3,0,0.0,0.0,14.0,0.0,2
86,3,1,0.0,0.0,14.0,0.0,2
86,4,0,0.0,0.0,14.0,0.0,2
86,4,1,0.0,0.0,14.0,0.0,2
86,5,0,0.0,0.0,14.0,0.0,2
86,5,1,0.0,0.0,14.0,0.0,2
86,6,0,0.0,0.0,14.0,0.0,2
86,6,1,0.0,0.0,14.0,0.0,2
86,7,0,0.0,0.0,14.0,0.0,2
86,7,1,0.0,0.0,14.0,0.0,2
86,8,0,0.0,0.0,14.0,0.0,2
86,8,1,0.0,0.0,14.0,0.0,2
87,1,0,0.0,0.0,14.0,0.0,3
87,1,1,0.0,0.0,14.0,0.0,3
87,2,0,0.0,0.0,14.0,0.0,3
87,2,1,0.0,0.0,14.0,0.0,3
87,3,0,0.0,0.0,14.0,0.0,3
87,3,1,0.0,0.0,14.0,0.0,3
87,4,0,0.0,0.0,14.0,0.0,3
87,4,1,0.0,0.0,14.0,0.0,3
87,5,0,0.0,0.0,14.0,0.0,3
87,5,1,0.0,0.0,14.0,0.0,3
87,6,0,0.0,0.0,14.0,0.0,3
87,6,1,0.0,0.0,14.0,0.0,3
87,7,0,0.0,0.0,14.0,0.0,3
87,7,1,0.0,0.0,14.0,0.0,3
87,8,0,0.0,0.0,14.0,0.0,3
87,8,1,0.0,0.0,14.0,0.0,3
88,1,0,0.25,1.0,12.0,4.0,4
88,1,1,0.25,1.0,12.0,4.0,4
88,2,0,0.14285714285714285,0.5,12.0,2.0,4
88,2,1,0.125,0.5,14.0,2.0,4
88,3,0,0.2222222222222222,1.0,14.0,4.0,4
88,3,1,0.2857142857142857,1.0,10.0,4.0,4
88,4,0,0.25,1.0,12.0,4.0,4
88,4,1,0.25,1.0,12.0,4.0,4
88,5,0,0.125,0.5,14.0,2.0,4
88,5,1,0.14285714285714285,0.5,12.0,2.0,4
88,6,0,0.125,0.5,14.0,2.0,4
88,6,1,0.14285714285714285,0.5,12.0,2.0,4
88,7,0,0.125,0.5,14.0,2.0,4
88,7,1,0.14285714285714285,0.5,12.0,2.0,4
88,8,0,0.2222222222222222,1.0,14.0,4.0,4
88,8,1,0.2857142857142857,1.0,10.0,4.0,4
89,1,0,0.0,,14.0,0.0,1
89,1,1,0.0,,14.0,0.0,1
89,2,0,0.0,,14.0,0.0,1
89,2,1,0.0,,14.0,0.0,1
89,3,0,0.0,,14.0,0.0,1
89,3,1,0.0,,14.0,0.0,1
89,4,0,0.0,,14.0,0.0,1
89,4,1,0.0,,14.0,0.0,1
89,5,0,0.0,,14.0,0.0,1
89,5,1,0.0,,14.0,0.0,1
89,6,0,0.0,,14.0,0.0,1
89,6,1,0.0,,14.0,0.0,1
89,7,0,0.0,,14.0,0.0,1
89,7,1,0.0,,14.0,0.0,1
89,8,0,0.0,,14.0,0.0,1
89,8,1,0.0,,14.0,0.0,1
90,1,0,0.0,0.0,14.0,0.0,2
90,1,1,0.0,0.0,14.0,0.0,2
90,2,0,0.0,0.0,14.0,0.0,2
90,2,1,0.0,0.0,14.0,0.0,2
90,3,0,0.0,0.0,14.0,0.0,2
90,3,1,0.0,0.0,14.0,0.0,2
90,4,0,0.0,0.0,14.0,0.0,2
90,4,1,0.0,0.0,14.0,0.0,2
90,5,0,0.0,0.0,14.0,0.0,2
90,5,1,0.0,0.0,14.0,0.0,2
90,6,0,0.0,0.0,14.0,0.0,2
90,6,1,0.0,0.0,14.0,0.0,2
90,7,0,0.0,0.0,14.0,0.0,2
90,7,1,0.0,0.0,14.0,0.0,2
90,8,0,0.0,0.0,14.0,0.0,2
90,8,1,0.0,0.0,14.0,0.0,2
91,1,0,0.0,0.0,14.0,0.0,3
91,1,1,0.0,0.0,14.0,0.0,3
91,2,0,0.0,0.0,14.0,0.0,3
91,2,1,0.0,0.0,14.0,0.0,3
91,3,0,0.0,0.0,14.0,0.0,3
91,3,1,0.0,0.0,14.0,0.0,3
91,4,0,0.0,0.0,14.0,0.0,3
91,4,1,0.0,0.0,14.0,0.0,3
91,5,0,0.0,0.0,14.0,0.0,3
91,5,1,0.0,0.0,14.0,0.0,3
91,6,0,0.0,0.0,14.0,0.0,3
91,6,1,0.0,0.0,14.0,0.0,3
91,7,0,0.0,0.0,14.0,0.0,3
91,7,1,0.0,0.0,14.0,0.0,3
91,8,0,0.0,0.0,14.0,0.0,3
91,8,1,0.0,0.0,14.0,0.0,3
92,1,0,0.0,0.0,14.0,0.0,4
92,1,1,0.0,0.0,14.0,0.0,4
92,2,0,0.0,0.0,14.0,0.0,4
92,2,1,0.0,0.0,14.0,0.0,4
92,3,0,0.0,0.0,14.0,0.0,4
92,3,1,0.0,0.0,14.0,0.0,4
92,4,0,0.0,0.0,14.0,0.0,4
92,4,1,0.0,0.0,14.0,0.0,4
92,5,0,0.0,0.0,14.0,0.0,4
92,5,1,0.0,0.0,14.0,0.0,4
92,6,0,0.14285714285714285,0.5,12.0,2.0,4
92,6,1,0.125,0.5,14.0,2.0,4
92,7,0,0.0,0.0,14.0,0.0,4
92,7,1,0.0,0.0,14.0,0.0,4
92,8,0,0.0,0.0,14.0,0.0,4
92,8,1,0.0,0.0,14.0,0.0,4
93,1,0,0.0,,14.0,0.0,1
93,1,1,0.0,,14.0,0.0,1
93,2,0,0.0,,14.0,0.0,1
93,2,1,0.0,,14.0,0.0,1
93,3,0,0.0,,14.0,0.0,1
93,3,1,0.0,,14.0,0.0,1
93,4,0,0.0,,14.0,0.0,1
93,4,1,0.0,,14.0,0.0,1
93,5,0,0.0,,14.0,0.0,1
93,5,1,0.0,,14.0,0.0,1
93,6,0,0.0,,14.0,0.0,1
93,6,1,0.0,,14.0,0.0,1
93,7,0,0.0,,14.0,0.0,1
93,7,1,0.0,,14.0,0.0,1
93,8,0,0.0,,14.0,0.0,1
93,8,1,0.0,,14.0,0.0,1
94,1,0,0.14285714285714285,1.0,12.0,2.0,2
94,1,1,0.125,1.0,14.0,2.0,2
94,2,0,0.0,0.0,14.0,0.0,2
94,2,1,0.0,0.0,14.0,0.0,2
94,3,0,0.0,0.0,14.0,0.0,2
94,3,1,0.0,0.0,14.0,0.0,2
94,4,0,0.0,0.0,14.0,0.0,2
94,4,1,0.0,0.0,14.0,0.0,2
94,5,0,0.0,0.0,14.0,0.0,2
94,5,1,0.0,0.0,14.0,0.0,2
94,6,0,0.0,0.0,14.0,0.0,2
94,6,1,0.0,0.0,14.0,0.0,2
94,7,0,0.0,0.0,14.0,0.0,2
94,7,1,0.0,0.0,14.0,0.0,2
94,8,0,0.0,0.0,14.0,0.0,2
94,8,1,0.0,0.0,14.0,0.0,2
95,1,0,0.0,0.0,14.0,0.0,3
95,1,1,0.0,0.0,14.0,0.0,3
95,2,0,0.0,0.0,14.0,0.0,3
95,2,1,0.0,0.0,14.0,0.0,3
95,3,0,0.0,0.0,14.0,0.0,3
95,3,1,0.0,0.0,14.0,0.0,3
95,4,0,0.0,0.0,14.0,0.0,3
95,4,1,0.0,0.0,14.0,0.0,3
95,5,0,0.0,0.0,14.0,0.0,3
95,5,1,0.0,0.0,14.0,0.0,3
95,6,0,0.0,0.0,14.0,0.0,3
95,6,1,0.0,0.0,14.0,0.0,3
95,7,0,0.14285714285714285,1.0,12.0,2.0,3
95,7,1,0.125,1.0,14.0,2.0,3
95,8,0,0.0,0.0,14.0,0.0,3
95,8,1,0.0,0.0,14.0,0.0,3
96,1,0,0.0,0.0,14.0,0.0,4
96,1,1,0.0,0.0,14.0,0.0,4
96,2,0,0.0,0.0,14.0,0.0,4
96,2,1,0.0,0.0,14.0,0.0,4
96,3,0,0.0,0.0,14.0,0.0,4
96,3,1,0.0,0.0,14.0,0.0,4
96,4,0,0.0,0.0,14.0,0.0,4
96,4,1,0.0,0.0,14.0,0.0,4
96,5,0,0.0,0.0,14.0,0.0,4
96,5,1,0.0,0.0,14.0,0.0,4
96,6,0,0.0,0.0,14.0,0.0,4
96,6,1,0.0,0.0,14.0,0.0,4
96,7,0,0.0,0.0,14.0,0.0,4
96,7,1,0.0,0.0,14.0,0.0,4
96,8,0,0.0,0.0,14.0,0.0,4
96,8,1,0.0,0.0,14.0,0.0,4
97,1,0,0.0,,14.0,0.0,1
97,1,1,0.0,,14.0,0.0,1
97,2,0,0.0,,14.0,0.0,1
97,2,1,0.0,,14.0,0.0,1
97,3,0,0.0,,14.0,0.0,1
97,3,1,0.0,,14.0,0.0,1
97,4,0,0.0,,14.0,0.0,1
97,4,1,0.0,,14.0,0.0,1
97,5,0,0.0,,14.0,0.0,1
97,5,1,0.0,,14.0,0.0,1
97,6,0,0.0,,14.0,0.0,1
97,6,1,0.0,,14.0,0.0,1
97,7,0,0.0,,14.0,0.0,1
97,7,1,0.0,,14.0,0.0,1
97,8,0,0.0,,14.0,0.0,1
97,8,1,0.0,,14.0,0.0,1
98,1,0,0.125,1.0,14.0,2.0,2
98,1,1,0.14285714285714285,1.0,12.0,2.0,2
98,2,0,0.125,1.0,14.0,2.0,2
98,2,1,0.14285714285714285,1.0,12.0,2.0,2
98,3,0,0.125,1.0,14.0,2.0,2
98,3,1,0.14285714285714285,1.0,12.0,2.0,2
98,4,0,0.0,0.0,14.0,0.0,2
98,4,1,0.0,0.0,14.0,0.0,2
98,5,0,0.0,0.0,14.0,0.0,2
98,5,1,0.0,0.0,14.0,0.0,2
98,6,0,0.14285714285714285,1.0,12.0,2.0,2
98,6,1,0.125,1.0,14.0,2.0,2
98,7,0,0.0,0.0,14.0,0.0,2
98,7,1,0.0,0.0,14.0,0.0,2
98,8,0,0.125,1.0,14.0,2.0,2
98,8,1,0.14285714285714285,1.0,12.0,2.0,2
99,1,0,0.0,0.0,14.0,0.0,3
99,1,1,0.0,0.0,14.0,0.0,3
99,2,0,0.0,0.0,14.0,0.0,3
99,2,1,0.0,0.0,14.0,0.0,3
99,3,0,0.0,0.0,14.0,0.0,3
99,3,1,0.0,0.0,14.0,0.0,3
99,4,0,0.0,0.0,14.0,0.0,3
99,4,1,0.0,0.0,14.0,0.0,3
99,5,0,0.0,0.0,14.0,0.0,3
99,5,1,0.0,0.0,14.0,0.0,3
99,6,0,0.0,0.0,14.0,0.0,3
99,6,1,0.0,0.0,14.0,0.0,3
99,7,0,0.0,0.0,14.0,0.0,3
99,7,1,0.0,0.0,14.0,0.0,3
99,8,0,0.0,0.0,14.0,0.0,3
99,8,1,0.0,0.0,14.0,0.0,3
100,1,0,0.14285714285714285,0.5,12.0,2.0,4
100,1,1,0.125,0.5,14.0,2.0,4
100,2,0,0.14285714285714285,0.5,12.0,2.0,4
100,2,1,0.125,0.5,14.0,2.0,4
100,3,0,0.0,0.0,14.0,0.0,4
100,3,1,0.0,0.0,14.0,0.0,4
100,4,0,0.0,0.0,14.0,0.0,4
100,4,1,0.0,0.0,14.0,0.0,4
100,5,0,0.0,0.0,14.0,0.0,4
100,5,1,0.0,0.0,14.0,0.0,4
100,6,0,0.0,0.0,14.0,0.0,4
100,6,1,0.0,0.0,14.0,0.0,4
100,7,0,0.0,0.0,14.0,0.0,4
100,7,1,0.0,0.0,14.0,0.0,4
100,8,0,0.0,0.0,14.0,0.0,4
100,8,1,0.0,0.0,14.0,0.0,4
