run_id,turn,community_id,CCC,I_count,E_count
1,1,0,0.0,6.0,0.0
1,1,1,0.0,4.0,0.0
1,1,2,0.0,4.0,0.0
1,1,3,0.0,8.0,0.0
1,1,4,0.0,6.0,0.0
1,2,0,0.0,6.0,0.0
1,2,1,0.0,4.0,0.0
1,2,2,0.0,4.0,0.0
1,2,3,0.0,8.0,0.0
1,2,4,0.0,6.0,0.0
1,3,0,0.0,6.0,0.0
1,3,1,0.0,4.0,0.0
1,3,2,0.0,4.0,0.0
1,3,3,0.25,6.0,2.0
1,3,4,0.25,6.0,2.0
1,4,0,0.0,6.0,0.0
1,4,1,0.0,4.0,0.0
1,4,2,0.0,4.0,0.0
1,4,3,0.2,8.0,2.0
1,4,4,0.3333333333333333,4.0,2.0
1,5,0,0.0,6.0,0.0
1,5,1,0.0,4.0,0.0
1,5,2,0.0,4.0,0.0
1,5,3,0.2,8.0,2.0
1,5,4,0.3333333333333333,4.0,2.0
1,6,0,0.3333333333333333,4.0,2.0
1,6,1,0.3333333333333333,4.0,2.0
1,6,2,0.0,4.0,0.0
1,6,3,0.0,8.0,0.0
1,6,4,0.0,6.0,0.0
1,7,0,0.0,6.0,0.0
1,7,1,0.0,4.0,0.0
1,7,2,0.0,4.0,0.0
1,7,3,0.2,8.0,2.0
1,7,4,0.3333333333333333,4.0,2.0
1,8,0,0.25,6.0,2.0
1,8,1,0.5,2.0,2.0
1,8,2,0.0,4.0,0.0
1,8,3,0.5,6.0,6.0
1,8,4,0.75,2.0,6.0
2,1,0,0.5,4.0,4.0
2,1,1,0.6666666666666666,2.0,4.0
2,1,2,1.0,0.0,8.0
2,1,3,0.0,14.0,0.0
2,2,0,0.3333333333333333,4.0,2.0
2,2,1,0.0,4.0,0.0
2,2,2,0.3333333333333333,4.0,2.0
2,2,3,0.0,14.0,0.0
2,3,0,0.0,6.0,0.0
2,3,1,0.3333333333333333,4.0,2.0
2,3,2,0.5,2.0,2.0
2,3,3,0.0,14.0,0.0
2,4,0,0.25,6.0,2.0
2,4,1,0.5,2.0,2.0
2,4,2,0.6666666666666666,2.0,4.0
2,4,3,0.0,14.0,0.0
2,5,0,0.3333333333333333,4.0,2.0
2,5,1,0.3333333333333333,4.0,2.0
2,5,2,0.0,4.0,0.0
2,5,3,0.0,14.0,0.0
2,6,0,0.25,6.0,2.0
2,6,1,0.5,2.0,2.0
2,6,2,0.0,4.0,0.0
2,6,3,0.0,14.0,0.0
2,7,0,0.6,4.0,6.0
2,7,1,0.5,2.0,2.0
2,7,2,0.6666666666666666,2.0,4.0
2,7,3,0.0,14.0,0.0
2,8,0,0.75,2.0,6.0
2,8,1,0.75,2.0,6.0
2,8,2,0.3333333333333333,4.0,2.0
2,8,3,0.14285714285714285,12.0,2.0
3,1,0,0.4,6.0,4.0
3,1,1,0.5,4.0,4.0
3,1,2,0.5,4.0,4.0
3,1,3,0.4,6.0,4.0
3,2,0,0.0,8.0,0.0
3,2,1,0.0,6.0,0.0
3,2,2,0.5,4.0,4.0
3,2,3,0.4,6.0,4.0
3,3,0,0.5,4.0,4.0
3,3,1,0.4,6.0,4.0
3,3,2,0.5,4.0,4.0
3,3,3,0.4,6.0,4.0
3,4,0,0.2,8.0,2.0
3,4,1,0.3333333333333333,4.0,2.0
3,4,2,0.0,6.0,0.0
3,4,3,0.0,8.0,0.0
3,5,0,0.5,6.0,6.0
3,5,1,0.75,2.0,6.0
3,5,2,0.3333333333333333,4.0,2.0
3,5,3,0.2,8.0,2.0
3,6,0,0.5,6.0,6.0
3,6,1,0.75,2.0,6.0
3,6,2,0.6666666666666666,2.0,4.0
3,6,3,0.3333333333333333,8.0,4.0
3,7,0,0.2,8.0,2.0
3,7,1,0.3333333333333333,4.0,2.0
3,7,2,0.5,4.0,4.0
3,7,3,0.4,6.0,4.0
3,8,0,0.25,6.0,2.0
3,8,1,0.25,6.0,2.0
3,8,2,0.25,6.0,2.0
3,8,3,0.25,6.0,2.0
4,1,0,0.5714285714285714,6.0,8.0
4,1,1,0.5,2.0,2.0
4,1,2,0.42857142857142855,8.0,6.0
4,1,3,0.6666666666666666,2.0,4.0
4,2,0,0.4,6.0,4.0
4,2,1,0.3333333333333333,4.0,2.0
4,2,2,0.2,8.0,2.0
4,2,3,0.5,4.0,4.0
4,3,0,0.16666666666666666,10.0,2.0
4,3,1,0.0,4.0,0.0
4,3,2,0.0,10.0,0.0
4,3,3,0.5,2.0,2.0
4,4,0,0.0,10.0,0.0
4,4,1,0.3333333333333333,4.0,2.0
4,4,2,0.2,8.0,2.0
4,4,3,0.0,4.0,0.0
4,5,0,0.0,10.0,0.0
4,5,1,0.0,4.0,0.0
4,5,2,0.0,10.0,0.0
4,5,3,0.0,4.0,0.0
4,6,0,0.2,8.0,2.0
4,6,1,0.0,4.0,0.0
4,6,2,0.0,10.0,0.0
4,6,3,0.3333333333333333,4.0,2.0
4,7,0,0.2,8.0,2.0
4,7,1,0.0,4.0,0.0
4,7,2,0.0,10.0,0.0
4,7,3,0.3333333333333333,4.0,2.0
4,8,0,0.0,10.0,0.0
4,8,1,0.0,4.0,0.0
4,8,2,0.0,10.0,0.0
4,8,3,0.0,4.0,0.0
5,1,0,0.25,6.0,2.0
5,1,1,0.25,6.0,2.0
5,1,2,0.6,4.0,6.0
5,1,3,0.6,4.0,6.0
5,2,0,0.25,6.0,2.0
5,2,1,0.25,6.0,2.0
5,2,2,0.0,8.0,0.0
5,2,3,0.0,6.0,0.0
5,3,0,0.25,6.0,2.0
5,3,1,0.25,6.0,2.0
5,3,2,0.0,8.0,0.0
5,3,3,0.0,6.0,0.0
5,4,0,0.0,8.0,0.0
5,4,1,0.0,6.0,0.0
5,4,2,0.25,6.0,2.0
5,4,3,0.25,6.0,2.0
5,5,0,0.5,4.0,4.0
5,5,1,0.4,6.0,4.0
5,5,2,0.0,8.0,0.0
5,5,3,0.0,6.0,0.0
5,6,0,0.25,6.0,2.0
5,6,1,0.25,6.0,2.0
5,6,2,0.0,8.0,0.0
5,6,3,0.0,6.0,0.0
5,7,0,0.0,8.0,0.0
5,7,1,0.0,6.0,0.0
5,7,2,0.2,8.0,2.0
5,7,3,0.3333333333333333,4.0,2.0
5,8,0,0.25,6.0,2.0
5,8,1,0.25,6.0,2.0
5,8,2,0.4,6.0,4.0
5,8,3,0.5,4.0,4.0
6,1,0,0.6666666666666666,2.0,4.0
6,1,1,0.5,2.0,2.0
6,1,2,0.3333333333333333,8.0,4.0
6,1,3,0.25,6.0,2.0
6,1,4,0.0,4.0,0.0
6,2,0,0.3333333333333333,4.0,2.0
6,2,1,0.0,4.0,0.0
6,2,2,0.2,8.0,2.0
6,2,3,0.0,6.0,0.0
6,2,4,0.0,4.0,0.0
6,3,0,0.3333333333333333,4.0,2.0
6,3,1,0.0,4.0,0.0
6,3,2,0.5,6.0,6.0
6,3,3,0.5,4.0,4.0
6,3,4,0.0,4.0,0.0
6,4,0,0.3333333333333333,4.0,2.0
6,4,1,0.0,4.0,0.0
6,4,2,0.2,8.0,2.0
6,4,3,0.3333333333333333,4.0,2.0
6,4,4,0.3333333333333333,4.0,2.0
6,5,0,0.0,4.0,0.0
6,5,1,0.3333333333333333,4.0,2.0
6,5,2,0.0,10.0,0.0
6,5,3,0.3333333333333333,4.0,2.0
6,5,4,0.0,4.0,0.0
6,6,0,0.0,4.0,0.0
6,6,1,0.3333333333333333,4.0,2.0
6,6,2,0.0,10.0,0.0
6,6,3,0.3333333333333333,4.0,2.0
6,6,4,0.0,4.0,0.0
6,7,0,0.3333333333333333,4.0,2.0
6,7,1,0.0,4.0,0.0
6,7,2,0.3333333333333333,8.0,4.0
6,7,3,0.3333333333333333,4.0,2.0
6,7,4,0.0,4.0,0.0
6,8,0,0.6666666666666666,2.0,4.0
6,8,1,0.0,4.0,0.0
6,8,2,0.3333333333333333,8.0,4.0
6,8,3,0.0,6.0,0.0
6,8,4,0.0,4.0,0.0
7,1,0,0.5,4.0,4.0
7,1,1,1.0,0.0,8.0
7,1,2,0.75,2.0,6.0
7,1,3,0.5,6.0,6.0
7,1,4,0.6666666666666666,2.0,4.0
7,2,0,0.0,6.0,0.0
7,2,1,0.0,4.0,0.0
7,2,2,0.75,2.0,6.0
7,2,3,0.5,6.0,6.0
7,2,4,0.0,4.0,0.0
7,3,0,0.0,6.0,0.0
7,3,1,0.0,4.0,0.0
7,3,2,0.0,6.0,0.0
7,3,3,0.0,8.0,0.0
7,3,4,0.0,4.0,0.0
7,4,0,0.3333333333333333,4.0,2.0
7,4,1,0.0,4.0,0.0
7,4,2,0.0,6.0,0.0
7,4,3,0.0,8.0,0.0
7,4,4,0.3333333333333333,4.0,2.0
7,5,0,0.6,4.0,6.0
7,5,1,0.0,4.0,0.0
7,5,2,0.5,4.0,4.0
7,5,3,0.4,6.0,4.0
7,5,4,1.0,0.0,6.0
7,6,0,0.3333333333333333,4.0,2.0
7,6,1,0.3333333333333333,4.0,2.0
7,6,2,0.0,6.0,0.0
7,6,3,0.0,8.0,0.0
7,6,4,0.0,4.0,0.0
7,7,0,0.3333333333333333,4.0,2.0
7,7,1,0.3333333333333333,4.0,2.0
7,7,2,0.0,6.0,0.0
7,7,3,0.0,8.0,0.0
7,7,4,0.0,4.0,0.0
7,8,0,0.25,6.0,2.0
7,8,1,0.5,2.0,2.0
7,8,2,0.0,6.0,0.0
7,8,3,0.0,8.0,0.0
7,8,4,0.0,4.0,0.0
8,1,0,0.0,4.0,0.0
8,1,1,0.0,14.0,0.0
8,1,2,0.0,6.0,0.0
8,1,3,0.0,4.0,0.0
8,2,0,0.3333333333333333,4.0,2.0
8,2,1,0.0,14.0,0.0
8,2,2,0.0,6.0,0.0
8,2,3,0.5,2.0,2.0
8,3,0,1.0,0.0,8.0
8,3,1,0.0,14.0,0.0
8,3,2,0.25,6.0,2.0
8,3,3,1.0,0.0,6.0
8,4,0,0.3333333333333333,4.0,2.0
8,4,1,0.0,14.0,0.0
8,4,2,0.5,4.0,4.0
8,4,3,0.5,2.0,2.0
8,5,0,0.0,4.0,0.0
8,5,1,0.0,14.0,0.0
8,5,2,0.3333333333333333,4.0,2.0
8,5,3,0.3333333333333333,4.0,2.0
8,6,0,0.0,4.0,0.0
8,6,1,0.14285714285714285,12.0,2.0
8,6,2,0.6666666666666666,2.0,4.0
8,6,3,0.6,4.0,6.0
8,7,0,0.0,4.0,0.0
8,7,1,0.0,14.0,0.0
8,7,2,0.3333333333333333,4.0,2.0
8,7,3,0.3333333333333333,4.0,2.0
8,8,0,0.0,4.0,0.0
8,8,1,0.0,14.0,0.0
8,8,2,0.3333333333333333,4.0,2.0
8,8,3,0.3333333333333333,4.0,2.0
9,1,0,0.6,4.0,6.0
9,1,1,0.6,4.0,6.0
9,1,2,0.0,10.0,0.0
9,1,3,0.0,4.0,0.0
9,2,0,0.5,4.0,4.0
9,2,1,0.4,6.0,4.0
9,2,2,0.0,10.0,0.0
9,2,3,0.0,4.0,0.0
9,3,0,0.3333333333333333,4.0,2.0
9,3,1,0.2,8.0,2.0
9,3,2,0.16666666666666666,10.0,2.0
9,3,3,0.5,2.0,2.0
9,4,0,0.5,4.0,4.0
9,4,1,0.4,6.0,4.0
9,4,2,0.2857142857142857,10.0,4.0
9,4,3,1.0,0.0,4.0
9,5,0,0.25,6.0,2.0
9,5,1,0.25,6.0,2.0
9,5,2,0.2857142857142857,10.0,4.0
9,5,3,1.0,0.0,4.0
9,6,0,0.25,6.0,2.0
9,6,1,0.25,6.0,2.0
9,6,2,0.2,8.0,2.0
9,6,3,0.3333333333333333,4.0,2.0
9,7,0,0.0,6.0,0.0
9,7,1,0.0,8.0,0.0
9,7,2,0.0,10.0,0.0
9,7,3,0.0,4.0,0.0
9,8,0,0.5,4.0,4.0
9,8,1,0.4,6.0,4.0
9,8,2,0.16666666666666666,10.0,2.0
9,8,3,0.5,2.0,2.0
10,1,0,0.3333333333333333,4.0,2.0
10,1,1,0.5,2.0,2.0
10,1,2,0.2,8.0,2.0
10,1,3,0.16666666666666666,10.0,2.0
10,2,0,0.0,4.0,0.0
10,2,1,0.3333333333333333,4.0,2.0
10,2,2,0.0,10.0,0.0
10,2,3,0.2,8.0,2.0
10,3,0,0.0,4.0,0.0
10,3,1,0.0,4.0,0.0
10,3,2,0.0,10.0,0.0
10,3,3,0.0,10.0,0.0
10,4,0,0.0,4.0,0.0
10,4,1,0.0,4.0,0.0
10,4,2,0.0,10.0,0.0
10,4,3,0.0,10.0,0.0
10,5,0,0.0,4.0,0.0
10,5,1,0.0,4.0,0.0
10,5,2,0.0,10.0,0.0
10,5,3,0.0,10.0,0.0
10,6,0,0.3333333333333333,4.0,2.0
10,6,1,0.0,4.0,0.0
10,6,2,0.2,8.0,2.0
10,6,3,0.0,10.0,0.0
10,7,0,0.0,4.0,0.0
10,7,1,0.0,4.0,0.0
10,7,2,0.0,10.0,0.0
10,7,3,0.0,10.0,0.0
10,8,0,0.3333333333333333,4.0,2.0
10,8,1,0.0,4.0,0.0
10,8,2,0.2,8.0,2.0
10,8,3,0.0,10.0,0.0
11,1,0,0.3333333333333333,4.0,2.0
11,1,1,0.2,8.0,2.0
11,1,2,0.3333333333333333,4.0,2.0
11,1,3,0.3333333333333333,4.0,2.0
11,1,4,0.0,4.0,0.0
11,2,0,0.5,4.0,4.0
11,2,1,0.2,8.0,2.0
11,2,2,0.3333333333333333,4.0,2.0
11,2,3,1.0,0.0,6.0
11,2,4,0.3333333333333333,4.0,2.0
11,3,0,0.4,6.0,4.0
11,3,1,0.25,6.0,2.0
11,3,2,0.0,4.0,0.0
11,3,3,0.6666666666666666,2.0,4.0
11,3,4,0.3333333333333333,4.0,2.0
11,4,0,0.0,6.0,0.0
11,4,1,0.0,8.0,0.0
11,4,2,0.0,4.0,0.0
11,4,3,0.0,6.0,0.0
11,4,4,0.0,4.0,0.0
11,5,0,1.0,0.0,8.0
11,5,1,0.5714285714285714,6.0,8.0
11,5,2,0.3333333333333333,4.0,2.0
11,5,3,0.3333333333333333,4.0,2.0
11,5,4,0.0,4.0,0.0
11,6,0,0.8,2.0,8.0
11,6,1,0.6666666666666666,4.0,8.0
11,6,2,0.6666666666666666,2.0,4.0
11,6,3,0.3333333333333333,4.0,2.0
11,6,4,0.3333333333333333,4.0,2.0
11,7,0,0.0,6.0,0.0
11,7,1,0.0,8.0,0.0
11,7,2,0.0,4.0,0.0
11,7,3,0.0,6.0,0.0
11,7,4,0.0,4.0,0.0
11,8,0,0.0,6.0,0.0
11,8,1,0.0,8.0,0.0
11,8,2,0.0,4.0,0.0
11,8,3,0.0,6.0,0.0
11,8,4,0.0,4.0,0.0
12,1,0,0.5,4.0,4.0
12,1,1,0.0,4.0,0.0
12,1,2,0.3333333333333333,4.0,2.0
12,1,3,0.2,8.0,2.0
12,1,4,0.0,4.0,0.0
12,2,0,0.3333333333333333,4.0,2.0
12,2,1,0.0,4.0,0.0
12,2,2,0.3333333333333333,4.0,2.0
12,2,3,0.2,8.0,2.0
12,2,4,0.3333333333333333,4.0,2.0
12,3,0,0.5,2.0,2.0
12,3,1,0.6666666666666666,2.0,4.0
12,3,2,0.6,4.0,6.0
12,3,3,0.0,10.0,0.0
12,3,4,0.0,4.0,0.0
12,4,0,0.0,4.0,0.0
12,4,1,0.3333333333333333,4.0,2.0
12,4,2,0.3333333333333333,4.0,2.0
12,4,3,0.0,10.0,0.0
12,4,4,0.0,4.0,0.0
12,5,0,0.3333333333333333,4.0,2.0
12,5,1,0.0,4.0,0.0
12,5,2,0.3333333333333333,4.0,2.0
12,5,3,0.0,10.0,0.0
12,5,4,0.0,4.0,0.0
12,6,0,0.0,4.0,0.0
12,6,1,0.0,4.0,0.0
12,6,2,0.0,6.0,0.0
12,6,3,0.2,8.0,2.0
12,6,4,0.3333333333333333,4.0,2.0
12,7,0,0.0,4.0,0.0
12,7,1,0.0,4.0,0.0
12,7,2,0.0,6.0,0.0
12,7,3,0.2,8.0,2.0
12,7,4,0.3333333333333333,4.0,2.0
12,8,0,0.0,4.0,0.0
12,8,1,0.0,4.0,0.0
12,8,2,0.0,6.0,0.0
12,8,3,0.0,10.0,0.0
12,8,4,0.0,4.0,0.0
13,1,0,0.25,6.0,2.0
13,1,1,0.6,4.0,6.0
13,1,2,0.6,4.0,6.0
13,1,3,0.25,6.0,2.0
13,2,0,0.6,4.0,6.0
13,2,1,0.2,8.0,2.0
13,2,2,0.3333333333333333,4.0,2.0
13,2,3,0.6,4.0,6.0
13,3,0,0.25,6.0,2.0
13,3,1,0.25,6.0,2.0
13,3,2,0.25,6.0,2.0
13,3,3,0.25,6.0,2.0
13,4,0,0.4,6.0,4.0
13,4,1,0.4,6.0,4.0
13,4,2,0.5,4.0,4.0
13,4,3,0.5,4.0,4.0
13,5,0,0.0,8.0,0.0
13,5,1,0.0,8.0,0.0
13,5,2,0.0,6.0,0.0
13,5,3,0.0,6.0,0.0
13,6,0,0.25,6.0,2.0
13,6,1,0.0,8.0,0.0
13,6,2,0.0,6.0,0.0
13,6,3,0.25,6.0,2.0
13,7,0,0.6,4.0,6.0
13,7,1,0.25,6.0,2.0
13,7,2,0.25,6.0,2.0
13,7,3,0.6,4.0,6.0
13,8,0,0.0,8.0,0.0
13,8,1,0.6,4.0,6.0
13,8,2,0.6,4.0,6.0
13,8,3,0.0,6.0,0.0
14,1,0,0.3333333333333333,4.0,2.0
14,1,1,0.2,8.0,2.0
14,1,2,0.0,6.0,0.0
14,1,3,0.0,8.0,0.0
14,2,0,0.8,2.0,8.0
14,2,1,0.6666666666666666,4.0,8.0
14,2,2,0.3333333333333333,4.0,2.0
14,2,3,0.2,8.0,2.0
14,3,0,0.75,2.0,6.0
14,3,1,0.5,6.0,6.0
14,3,2,0.0,6.0,0.0
14,3,3,0.0,8.0,0.0
14,4,0,0.0,6.0,0.0
14,4,1,0.0,8.0,0.0
14,4,2,0.6666666666666666,2.0,4.0
14,4,3,0.3333333333333333,8.0,4.0
14,5,0,0.5,4.0,4.0
14,5,1,0.2,8.0,2.0
14,5,2,0.5,4.0,4.0
14,5,3,0.6,4.0,6.0
14,6,0,0.5,4.0,4.0
14,6,1,0.0,8.0,0.0
14,6,2,0.0,6.0,0.0
14,6,3,0.4,6.0,4.0
14,7,0,0.3333333333333333,4.0,2.0
14,7,1,0.2,8.0,2.0
14,7,2,0.0,6.0,0.0
14,7,3,0.0,8.0,0.0
14,8,0,0.5,4.0,4.0
14,8,1,0.4,6.0,4.0
14,8,2,0.0,6.0,0.0
14,8,3,0.0,8.0,0.0
15,1,0,0.0,8.0,0.0
15,1,1,0.0,6.0,0.0
15,1,2,0.0,14.0,0.0
15,2,0,0.25,6.0,2.0
15,2,1,0.25,6.0,2.0
15,2,2,0.0,14.0,0.0
15,3,0,0.5,6.0,6.0
15,3,1,0.75,2.0,6.0
15,3,2,0.0,14.0,0.0
15,4,0,0.4,6.0,4.0
15,4,1,0.5,4.0,4.0
15,4,2,0.0,14.0,0.0
15,5,0,0.2,8.0,2.0
15,5,1,0.3333333333333333,4.0,2.0
15,5,2,0.0,14.0,0.0
15,6,0,0.2,8.0,2.0
15,6,1,0.3333333333333333,4.0,2.0
15,6,2,0.0,14.0,0.0
15,7,0,0.2,8.0,2.0
15,7,1,0.3333333333333333,4.0,2.0
15,7,2,0.0,14.0,0.0
15,8,0,0.5,6.0,6.0
15,8,1,0.75,2.0,6.0
15,8,2,0.0,14.0,0.0
16,1,0,0.0,4.0,0.0
16,1,1,0.2,8.0,2.0
16,1,2,0.3333333333333333,4.0,2.0
16,1,3,0.0,10.0,0.0
16,2,0,0.0,4.0,0.0
16,2,1,0.2857142857142857,10.0,4.0
16,2,2,0.5,2.0,2.0
16,2,3,0.2,8.0,2.0
16,3,0,0.0,4.0,0.0
16,3,1,0.2,8.0,2.0
16,3,2,0.3333333333333333,4.0,2.0
16,3,3,0.0,10.0,0.0
16,4,0,0.3333333333333333,4.0,2.0
16,4,1,0.0,10.0,0.0
16,4,2,0.0,4.0,0.0
16,4,3,0.2,8.0,2.0
16,5,0,0.0,4.0,0.0
16,5,1,0.0,10.0,0.0
16,5,2,0.0,4.0,0.0
16,5,3,0.0,10.0,0.0
16,6,0,0.0,4.0,0.0
16,6,1,0.0,10.0,0.0
16,6,2,0.0,4.0,0.0
16,6,3,0.0,10.0,0.0
16,7,0,0.0,4.0,0.0
16,7,1,0.0,10.0,0.0
16,7,2,0.0,4.0,0.0
16,7,3,0.0,10.0,0.0
16,8,0,1.0,0.0,4.0
16,8,1,0.0,10.0,0.0
16,8,2,0.0,4.0,0.0
16,8,3,0.2857142857142857,10.0,4.0
17,1,0,0.0,14.0,0.0
17,1,1,0.0,4.0,0.0
17,1,2,0.0,10.0,0.0
17,2,0,0.0,14.0,0.0
17,2,1,0.0,4.0,0.0
17,2,2,0.0,10.0,0.0
17,3,0,0.0,14.0,0.0
17,3,1,0.6,4.0,6.0
17,3,2,0.6,4.0,6.0
17,4,0,0.0,14.0,0.0
17,4,1,0.3333333333333333,4.0,2.0
17,4,2,0.2,8.0,2.0
17,5,0,0.0,14.0,0.0
17,5,1,0.6666666666666666,2.0,4.0
17,5,2,0.3333333333333333,8.0,4.0
17,6,0,0.0,14.0,0.0
17,6,1,0.0,4.0,0.0
17,6,2,0.0,10.0,0.0
17,7,0,0.0,14.0,0.0
17,7,1,1.0,0.0,4.0
17,7,2,0.2857142857142857,10.0,4.0
17,8,0,0.0,14.0,0.0
17,8,1,0.3333333333333333,4.0,2.0
17,8,2,0.2,8.0,2.0
18,1,0,0.0,8.0,0.0
18,1,1,0.0,6.0,0.0
18,1,2,0.0,4.0,0.0
18,1,3,0.0,10.0,0.0
18,2,0,0.0,8.0,0.0
18,2,1,0.0,6.0,0.0
18,2,2,0.3333333333333333,4.0,2.0
18,2,3,0.2,8.0,2.0
18,3,0,0.0,8.0,0.0
18,3,1,0.0,6.0,0.0
18,3,2,0.0,4.0,0.0
18,3,3,0.0,10.0,0.0
18,4,0,0.25,6.0,2.0
18,4,1,0.25,6.0,2.0
18,4,2,0.0,4.0,0.0
18,4,3,0.0,10.0,0.0
18,5,0,0.2,8.0,2.0
18,5,1,0.3333333333333333,4.0,2.0
18,5,2,0.0,4.0,0.0
18,5,3,0.0,10.0,0.0
18,6,0,0.6,4.0,6.0
18,6,1,0.6,4.0,6.0
18,6,2,0.0,4.0,0.0
18,6,3,0.0,10.0,0.0
18,7,0,0.4,6.0,4.0
18,7,1,0.5,4.0,4.0
18,7,2,0.0,4.0,0.0
18,7,3,0.0,10.0,0.0
18,8,0,0.2,8.0,2.0
18,8,1,0.3333333333333333,4.0,2.0
18,8,2,0.5,2.0,2.0
18,8,3,0.16666666666666666,10.0,2.0
19,1,0,1.0,0.0,6.0
19,1,1,0.3333333333333333,8.0,4.0
19,1,2,0.0,4.0,0.0
19,1,3,1.0,0.0,6.0
19,1,4,0.6666666666666666,4.0,8.0
19,2,0,0.6666666666666666,2.0,4.0
19,2,1,0.16666666666666666,10.0,2.0
19,2,2,0.0,4.0,0.0
19,2,3,1.0,0.0,8.0
19,2,4,0.3333333333333333,4.0,2.0
19,3,0,0.3333333333333333,4.0,2.0
19,3,1,0.0,10.0,0.0
19,3,2,0.0,4.0,0.0
19,3,3,0.5,2.0,2.0
19,3,4,0.0,6.0,0.0
19,4,0,0.0,4.0,0.0
19,4,1,0.0,10.0,0.0
19,4,2,0.0,4.0,0.0
19,4,3,0.0,4.0,0.0
19,4,4,0.0,6.0,0.0
19,5,0,0.0,4.0,0.0
19,5,1,0.2,8.0,2.0
19,5,2,0.3333333333333333,4.0,2.0
19,5,3,0.0,4.0,0.0
19,5,4,0.0,6.0,0.0
19,6,0,0.0,4.0,0.0
19,6,1,0.2,8.0,2.0
19,6,2,0.3333333333333333,4.0,2.0
19,6,3,0.0,4.0,0.0
19,6,4,0.0,6.0,0.0
19,7,0,0.0,4.0,0.0
19,7,1,0.2,8.0,2.0
19,7,2,0.3333333333333333,4.0,2.0
19,7,3,0.3333333333333333,4.0,2.0
19,7,4,0.3333333333333333,4.0,2.0
19,8,0,0.0,4.0,0.0
19,8,1,0.0,10.0,0.0
19,8,2,0.0,4.0,0.0
19,8,3,0.3333333333333333,4.0,2.0
19,8,4,0.3333333333333333,4.0,2.0
20,1,0,0.5,4.0,4.0
20,1,1,0.3333333333333333,4.0,2.0
20,1,2,0.3333333333333333,4.0,2.0
20,1,3,0.6666666666666666,2.0,4.0
20,1,4,0.6666666666666666,2.0,4.0
20,1,5,0.0,4.0,0.0
20,2,0,0.0,4.0,0.0
20,2,1,0.0,4.0,0.0
20,2,2,0.0,6.0,0.0
20,2,3,0.0,4.0,0.0
20,2,4,0.0,6.0,0.0
20,2,5,0.0,4.0,0.0
20,3,0,0.3333333333333333,4.0,2.0
20,3,1,0.3333333333333333,4.0,2.0
20,3,2,0.3333333333333333,4.0,2.0
20,3,3,0.3333333333333333,4.0,2.0
20,3,4,0.6666666666666666,2.0,4.0
20,3,5,0.0,4.0,0.0
20,4,0,0.3333333333333333,4.0,2.0
20,4,1,0.0,4.0,0.0
20,4,2,0.5,4.0,4.0
20,4,3,0.0,4.0,0.0
20,4,4,0.3333333333333333,4.0,2.0
20,4,5,0.6666666666666666,2.0,4.0
20,5,0,0.3333333333333333,4.0,2.0
20,5,1,0.3333333333333333,4.0,2.0
20,5,2,0.3333333333333333,4.0,2.0
20,5,3,0.0,4.0,0.0
20,5,4,0.3333333333333333,4.0,2.0
20,5,5,0.0,4.0,0.0
20,6,0,0.0,4.0,0.0
20,6,1,0.0,4.0,0.0
20,6,2,0.3333333333333333,4.0,2.0
20,6,3,0.0,4.0,0.0
20,6,4,0.25,6.0,2.0
20,6,5,0.0,4.0,0.0
20,7,0,0.0,4.0,0.0
20,7,1,0.0,4.0,0.0
20,7,2,0.0,6.0,0.0
20,7,3,0.3333333333333333,4.0,2.0
20,7,4,0.3333333333333333,4.0,2.0
20,7,5,0.0,4.0,0.0
20,8,0,0.3333333333333333,4.0,2.0
20,8,1,0.0,4.0,0.0
20,8,2,0.3333333333333333,4.0,2.0
20,8,3,0.0,4.0,0.0
20,8,4,0.3333333333333333,4.0,2.0
20,8,5,0.3333333333333333,4.0,2.0
21,1,0,0.0,10.0,0.0
21,1,1,0.0,4.0,0.0
21,1,2,0.2,8.0,2.0
21,1,3,0.3333333333333333,4.0,2.0
21,2,0,0.0,10.0,0.0
21,2,1,0.0,4.0,0.0
21,2,2,0.4,6.0,4.0
21,2,3,0.5,4.0,4.0
21,3,0,0.0,10.0,0.0
21,3,1,0.0,4.0,0.0
21,3,2,0.2,8.0,2.0
21,3,3,0.3333333333333333,4.0,2.0
21,4,0,0.3333333333333333,8.0,4.0
21,4,1,0.6666666666666666,2.0,4.0
21,4,2,0.4,6.0,4.0
21,4,3,0.5,4.0,4.0
21,5,0,0.2,8.0,2.0
21,5,1,0.3333333333333333,4.0,2.0
21,5,2,0.0,8.0,0.0
21,5,3,0.0,6.0,0.0
21,6,0,0.2,8.0,2.0
21,6,1,0.3333333333333333,4.0,2.0
21,6,2,0.25,6.0,2.0
21,6,3,0.25,6.0,2.0
21,7,0,0.16666666666666666,10.0,2.0
21,7,1,0.5,2.0,2.0
21,7,2,0.4,6.0,4.0
21,7,3,0.5,4.0,4.0
21,8,0,0.42857142857142855,8.0,6.0
21,8,1,1.0,0.0,6.0
21,8,2,0.25,6.0,2.0
21,8,3,0.25,6.0,2.0
22,1,0,1.0,0.0,10.0
22,1,1,0.7142857142857143,4.0,10.0
22,1,2,0.0,10.0,0.0
22,1,3,0.0,4.0,0.0
22,2,0,0.0,4.0,0.0
22,2,1,0.0,10.0,0.0
22,2,2,0.4,6.0,4.0
22,2,3,0.5,4.0,4.0
22,3,0,0.6666666666666666,2.0,4.0
22,3,1,0.3333333333333333,8.0,4.0
22,3,2,0.2,8.0,2.0
22,3,3,0.3333333333333333,4.0,2.0
22,4,0,0.0,4.0,0.0
22,4,1,0.0,10.0,0.0
22,4,2,0.0,10.0,0.0
22,4,3,0.0,4.0,0.0
22,5,0,0.5,2.0,2.0
22,5,1,0.16666666666666666,10.0,2.0
22,5,2,0.3333333333333333,8.0,4.0
22,5,3,0.6666666666666666,2.0,4.0
22,6,0,0.3333333333333333,4.0,2.0
22,6,1,0.2,8.0,2.0
22,6,2,0.2,8.0,2.0
22,6,3,0.3333333333333333,4.0,2.0
22,7,0,0.0,4.0,0.0
22,7,1,0.0,10.0,0.0
22,7,2,0.3333333333333333,8.0,4.0
22,7,3,0.6666666666666666,2.0,4.0
22,8,0,0.6666666666666666,2.0,4.0
22,8,1,0.3333333333333333,8.0,4.0
22,8,2,0.5,6.0,6.0
22,8,3,0.75,2.0,6.0
23,1,0,0.0,10.0,0.0
23,1,1,0.0,4.0,0.0
23,1,2,0.0,4.0,0.0
23,1,3,0.0,10.0,0.0
23,2,0,0.0,10.0,0.0
23,2,1,0.0,4.0,0.0
23,2,2,0.0,4.0,0.0
23,2,3,0.0,10.0,0.0
23,3,0,0.2,8.0,2.0
23,3,1,0.0,4.0,0.0
23,3,2,0.3333333333333333,4.0,2.0
23,3,3,0.0,10.0,0.0
23,4,0,0.0,10.0,0.0
23,4,1,0.3333333333333333,4.0,2.0
23,4,2,0.0,4.0,0.0
23,4,3,0.2,8.0,2.0
23,5,0,0.0,10.0,0.0
23,5,1,0.6666666666666666,2.0,4.0
23,5,2,0.0,4.0,0.0
23,5,3,0.3333333333333333,8.0,4.0
23,6,0,0.0,10.0,0.0
23,6,1,0.3333333333333333,4.0,2.0
23,6,2,0.0,4.0,0.0
23,6,3,0.2,8.0,2.0
23,7,0,0.2,8.0,2.0
23,7,1,0.6666666666666666,2.0,4.0
23,7,2,0.3333333333333333,4.0,2.0
23,7,3,0.3333333333333333,8.0,4.0
23,8,0,0.2,8.0,2.0
23,8,1,0.0,4.0,0.0
23,8,2,0.3333333333333333,4.0,2.0
23,8,3,0.0,10.0,0.0
24,1,0,0.3333333333333333,4.0,2.0
24,1,1,0.3333333333333333,4.0,2.0
24,1,2,0.3333333333333333,4.0,2.0
24,1,3,0.0,4.0,0.0
24,1,4,0.0,4.0,0.0
24,1,5,0.3333333333333333,4.0,2.0
24,2,0,0.3333333333333333,4.0,2.0
24,2,1,0.3333333333333333,4.0,2.0
24,2,2,0.6666666666666666,2.0,4.0
24,2,3,0.0,4.0,0.0
24,2,4,0.0,4.0,0.0
24,2,5,0.5,4.0,4.0
24,3,0,0.3333333333333333,4.0,2.0
24,3,1,0.0,4.0,0.0
24,3,2,0.0,4.0,0.0
24,3,3,0.3333333333333333,4.0,2.0
24,3,4,0.0,4.0,0.0
24,3,5,0.0,6.0,0.0
24,4,0,0.5,4.0,4.0
24,4,1,0.0,4.0,0.0
24,4,2,0.0,4.0,0.0
24,4,3,0.0,4.0,0.0
24,4,4,0.0,4.0,0.0
24,4,5,0.5,4.0,4.0
24,5,0,0.0,6.0,0.0
24,5,1,0.0,4.0,0.0
24,5,2,0.3333333333333333,4.0,2.0
24,5,3,0.0,4.0,0.0
24,5,4,0.0,4.0,0.0
24,5,5,0.3333333333333333,4.0,2.0
24,6,0,0.0,6.0,0.0
24,6,1,0.0,4.0,0.0
24,6,2,0.3333333333333333,4.0,2.0
24,6,3,0.0,4.0,0.0
24,6,4,0.0,4.0,0.0
24,6,5,0.3333333333333333,4.0,2.0
24,7,0,0.0,6.0,0.0
24,7,1,0.0,4.0,0.0
24,7,2,0.3333333333333333,4.0,2.0
24,7,3,0.0,4.0,0.0
24,7,4,0.5,2.0,2.0
24,7,5,0.5,4.0,4.0
24,8,0,0.0,6.0,0.0
24,8,1,0.0,4.0,0.0
24,8,2,0.0,4.0,0.0
24,8,3,0.0,4.0,0.0
24,8,4,0.6666666666666666,2.0,4.0
24,8,5,0.5,4.0,4.0
25,1,0,0.4,6.0,4.0
25,1,1,0.5,6.0,6.0
25,1,2,0.75,2.0,6.0
25,1,3,0.5,4.0,4.0
25,2,0,0.5,4.0,4.0
25,2,1,0.6,4.0,6.0
25,2,2,0.6,4.0,6.0
25,2,3,0.4,6.0,4.0
25,3,0,0.25,6.0,2.0
25,3,1,0.0,8.0,0.0
25,3,2,0.0,6.0,0.0
25,3,3,0.25,6.0,2.0
25,4,0,0.25,6.0,2.0
25,4,1,0.0,8.0,0.0
25,4,2,0.0,6.0,0.0
25,4,3,0.25,6.0,2.0
25,5,0,0.25,6.0,2.0
25,5,1,0.0,8.0,0.0
25,5,2,0.0,6.0,0.0
25,5,3,0.25,6.0,2.0
25,6,0,0.0,8.0,0.0
25,6,1,0.0,8.0,0.0
25,6,2,0.0,6.0,0.0
25,6,3,0.0,6.0,0.0
25,7,0,0.2,8.0,2.0
25,7,1,0.6,4.0,6.0
25,7,2,0.6,4.0,6.0
25,7,3,0.3333333333333333,4.0,2.0
25,8,0,0.5714285714285714,6.0,8.0
25,8,1,0.6666666666666666,4.0,8.0
25,8,2,0.8,2.0,8.0
25,8,3,1.0,0.0,8.0
26,1,0,0.6,4.0,6.0
26,1,1,0.5,2.0,2.0
26,1,2,0.25,6.0,2.0
26,1,3,0.0,4.0,0.0
26,1,4,0.6,4.0,6.0
26,2,0,0.0,8.0,0.0
26,2,1,0.5,2.0,2.0
26,2,2,0.0,6.0,0.0
26,2,3,1.0,0.0,8.0
26,2,4,0.6,4.0,6.0
26,3,0,0.0,8.0,0.0
26,3,1,0.0,4.0,0.0
26,3,2,0.0,6.0,0.0
26,3,3,0.0,4.0,0.0
26,3,4,0.0,6.0,0.0
26,4,0,0.6,4.0,6.0
26,4,1,0.3333333333333333,4.0,2.0
26,4,2,0.6,4.0,6.0
26,4,3,0.3333333333333333,4.0,2.0
26,4,4,0.6666666666666666,2.0,4.0
26,5,0,0.5,4.0,4.0
26,5,1,0.5,4.0,4.0
26,5,2,0.4,6.0,4.0
26,5,3,0.0,4.0,0.0
26,5,4,0.6666666666666666,2.0,4.0
26,6,0,0.5,4.0,4.0
26,6,1,0.6,4.0,6.0
26,6,2,0.25,6.0,2.0
26,6,3,0.5,2.0,2.0
26,6,4,0.75,2.0,6.0
26,7,0,0.5,4.0,4.0
26,7,1,0.0,4.0,0.0
26,7,2,0.4,6.0,4.0
26,7,3,0.3333333333333333,4.0,2.0
26,7,4,0.3333333333333333,4.0,2.0
26,8,0,0.25,6.0,2.0
26,8,1,0.0,4.0,0.0
26,8,2,0.25,6.0,2.0
26,8,3,0.3333333333333333,4.0,2.0
26,8,4,0.3333333333333333,4.0,2.0
27,1,0,0.3333333333333333,4.0,2.0
27,1,1,0.2,8.0,2.0
27,1,2,0.6,4.0,6.0
27,1,3,0.6,4.0,6.0
27,2,0,0.3333333333333333,4.0,2.0
27,2,1,0.2,8.0,2.0
27,2,2,0.0,6.0,0.0
27,2,3,0.0,8.0,0.0
27,3,0,0.3333333333333333,4.0,2.0
27,3,1,0.2,8.0,2.0
27,3,2,0.5,4.0,4.0
27,3,3,0.4,6.0,4.0
27,4,0,0.3333333333333333,4.0,2.0
27,4,1,0.2,8.0,2.0
27,4,2,0.25,6.0,2.0
27,4,3,0.25,6.0,2.0
27,5,0,0.3333333333333333,4.0,2.0
27,5,1,0.2,8.0,2.0
27,5,2,0.25,6.0,2.0
27,5,3,0.25,6.0,2.0
27,6,0,0.3333333333333333,4.0,2.0
27,6,1,0.2,8.0,2.0
27,6,2,0.0,6.0,0.0
27,6,3,0.0,8.0,0.0
27,7,0,0.6666666666666666,2.0,4.0
27,7,1,0.3333333333333333,8.0,4.0
27,7,2,0.25,6.0,2.0
27,7,3,0.25,6.0,2.0
27,8,0,0.6666666666666666,2.0,4.0
27,8,1,0.3333333333333333,8.0,4.0
27,8,2,0.5,4.0,4.0
27,8,3,0.4,6.0,4.0
28,1,0,0.3333333333333333,8.0,4.0
28,1,1,0.6666666666666666,2.0,4.0
28,1,2,0.6666666666666666,2.0,4.0
28,1,3,0.3333333333333333,8.0,4.0
28,2,0,0.0,8.0,0.0
28,2,1,0.0,6.0,0.0
28,2,2,0.25,6.0,2.0
28,2,3,0.25,6.0,2.0
28,3,0,0.6666666666666666,4.0,8.0
28,3,1,0.5,4.0,4.0
28,3,2,0.0,6.0,0.0
28,3,3,0.4,6.0,4.0
28,4,0,0.6,4.0,6.0
28,4,1,0.6,4.0,6.0
28,4,2,0.0,6.0,0.0
28,4,3,0.0,8.0,0.0
28,5,0,0.2,8.0,2.0
28,5,1,0.3333333333333333,4.0,2.0
28,5,2,0.5,4.0,4.0
28,5,3,0.4,6.0,4.0
28,6,0,0.0,8.0,0.0
28,6,1,0.0,6.0,0.0
28,6,2,0.25,6.0,2.0
28,6,3,0.25,6.0,2.0
28,7,0,0.0,8.0,0.0
28,7,1,0.0,6.0,0.0
28,7,2,0.4,6.0,4.0
28,7,3,0.5,4.0,4.0
28,8,0,0.4,6.0,4.0
28,8,1,0.3333333333333333,4.0,2.0
28,8,2,0.25,6.0,2.0
28,8,3,0.4,6.0,4.0
29,1,0,0.3333333333333333,4.0,2.0
29,1,1,0.0,4.0,0.0
29,1,2,0.3333333333333333,4.0,2.0
29,1,3,0.0,4.0,0.0
29,1,4,0.0,10.0,0.0
29,2,0,0.0,4.0,0.0
29,2,1,0.3333333333333333,4.0,2.0
29,2,2,0.3333333333333333,4.0,2.0
29,2,3,0.3333333333333333,4.0,2.0
29,2,4,0.2,8.0,2.0
29,3,0,0.0,4.0,0.0
29,3,1,0.0,4.0,0.0
29,3,2,0.0,6.0,0.0
29,3,3,0.0,4.0,0.0
29,3,4,0.0,10.0,0.0
29,4,0,0.5,2.0,2.0
29,4,1,0.0,4.0,0.0
29,4,2,0.25,6.0,2.0
29,4,3,0.0,4.0,0.0
29,4,4,0.0,10.0,0.0
29,5,0,0.0,4.0,0.0
29,5,1,0.0,4.0,0.0
29,5,2,0.0,6.0,0.0
29,5,3,0.3333333333333333,4.0,2.0
29,5,4,0.2,8.0,2.0
29,6,0,0.0,4.0,0.0
29,6,1,0.0,4.0,0.0
29,6,2,0.0,6.0,0.0
29,6,3,0.6666666666666666,2.0,4.0
29,6,4,0.3333333333333333,8.0,4.0
29,7,0,0.0,4.0,0.0
29,7,1,0.0,4.0,0.0
29,7,2,0.0,6.0,0.0
29,7,3,0.3333333333333333,4.0,2.0
29,7,4,0.2,8.0,2.0
29,8,0,0.0,4.0,0.0
29,8,1,0.5,2.0,2.0
29,8,2,0.25,6.0,2.0
29,8,3,0.0,4.0,0.0
29,8,4,0.0,10.0,0.0
30,1,0,0.3333333333333333,4.0,2.0
30,1,1,0.0,4.0,0.0
30,1,2,0.3333333333333333,4.0,2.0
30,1,3,0.0,6.0,0.0
30,1,4,0.0,8.0,0.0
30,2,0,0.0,4.0,0.0
30,2,1,0.0,4.0,0.0
30,2,2,0.0,6.0,0.0
30,2,3,0.0,6.0,0.0
30,2,4,0.0,8.0,0.0
30,3,0,0.0,4.0,0.0
30,3,1,0.0,4.0,0.0
30,3,2,0.0,6.0,0.0
30,3,3,0.0,6.0,0.0
30,3,4,0.0,8.0,0.0
30,4,0,0.3333333333333333,4.0,2.0
30,4,1,0.0,4.0,0.0
30,4,2,0.3333333333333333,4.0,2.0
30,4,3,0.25,6.0,2.0
30,4,4,0.25,6.0,2.0
30,5,0,0.3333333333333333,4.0,2.0
30,5,1,0.0,4.0,0.0
30,5,2,0.3333333333333333,4.0,2.0
30,5,3,0.25,6.0,2.0
30,5,4,0.25,6.0,2.0
30,6,0,0.3333333333333333,4.0,2.0
30,6,1,0.0,4.0,0.0
30,6,2,0.3333333333333333,4.0,2.0
30,6,3,0.25,6.0,2.0
30,6,4,0.25,6.0,2.0
30,7,0,0.0,4.0,0.0
30,7,1,0.0,4.0,0.0
30,7,2,0.0,6.0,0.0
30,7,3,0.25,6.0,2.0
30,7,4,0.25,6.0,2.0
30,8,0,0.0,4.0,0.0
30,8,1,0.0,4.0,0.0
30,8,2,0.0,6.0,0.0
30,8,3,0.4,6.0,4.0
30,8,4,0.5,4.0,4.0
31,1,0,0.0,6.0,0.0
31,1,1,0.0,4.0,0.0
31,1,2,0.0,4.0,0.0
31,1,3,0.0,6.0,0.0
31,1,4,0.0,8.0,0.0
31,2,0,0.0,6.0,0.0
31,2,1,0.0,4.0,0.0
31,2,2,0.0,4.0,0.0
31,2,3,0.0,6.0,0.0
31,2,4,0.0,8.0,0.0
31,3,0,0.25,6.0,2.0
31,3,1,0.0,4.0,0.0
31,3,2,0.0,4.0,0.0
31,3,3,0.0,6.0,0.0
31,3,4,0.25,6.0,2.0
31,4,0,0.0,6.0,0.0
31,4,1,0.5,2.0,2.0
31,4,2,0.0,4.0,0.0
31,4,3,0.25,6.0,2.0
31,4,4,0.0,8.0,0.0
31,5,0,0.0,6.0,0.0
31,5,1,0.0,4.0,0.0
31,5,2,0.0,4.0,0.0
31,5,3,0.0,6.0,0.0
31,5,4,0.0,8.0,0.0
31,6,0,0.3333333333333333,4.0,2.0
31,6,1,0.0,4.0,0.0
31,6,2,0.0,4.0,0.0
31,6,3,0.0,6.0,0.0
31,6,4,0.2,8.0,2.0
31,7,0,0.3333333333333333,4.0,2.0
31,7,1,0.0,4.0,0.0
31,7,2,0.0,4.0,0.0
31,7,3,0.0,6.0,0.0
31,7,4,0.2,8.0,2.0
31,8,0,0.25,6.0,2.0
31,8,1,0.0,4.0,0.0
31,8,2,0.0,4.0,0.0
31,8,3,0.0,6.0,0.0
31,8,4,0.25,6.0,2.0
32,1,0,0.3333333333333333,4.0,2.0
32,1,1,0.3333333333333333,4.0,2.0
32,1,2,0.5,4.0,4.0
32,1,3,0.4,6.0,4.0
32,1,4,0.0,4.0,0.0
32,2,0,0.3333333333333333,4.0,2.0
32,2,1,0.0,6.0,0.0
32,2,2,0.3333333333333333,4.0,2.0
32,2,3,0.0,8.0,0.0
32,2,4,0.0,4.0,0.0
32,3,0,0.6666666666666666,2.0,4.0
32,3,1,0.25,6.0,2.0
32,3,2,0.5,4.0,4.0
32,3,3,0.25,6.0,2.0
32,3,4,0.0,4.0,0.0
32,4,0,0.3333333333333333,4.0,2.0
32,4,1,0.5,4.0,4.0
32,4,2,0.3333333333333333,4.0,2.0
32,4,3,0.4,6.0,4.0
32,4,4,0.0,4.0,0.0
32,5,0,0.6666666666666666,2.0,4.0
32,5,1,0.0,6.0,0.0
32,5,2,0.0,6.0,0.0
32,5,3,0.4,6.0,4.0
32,5,4,0.0,4.0,0.0
32,6,0,0.5,2.0,2.0
32,6,1,0.0,6.0,0.0
32,6,2,0.0,6.0,0.0
32,6,3,0.2,8.0,2.0
32,6,4,0.0,4.0,0.0
32,7,0,0.3333333333333333,4.0,2.0
32,7,1,0.3333333333333333,4.0,2.0
32,7,2,0.0,6.0,0.0
32,7,3,0.4,6.0,4.0
32,7,4,0.0,4.0,0.0
32,8,0,0.5,2.0,2.0
32,8,1,0.3333333333333333,4.0,2.0
32,8,2,0.4,6.0,4.0
32,8,3,0.2,8.0,2.0
32,8,4,0.5,2.0,2.0
33,1,0,0.0,14.0,0.0
33,1,1,0.5,4.0,4.0
33,1,2,0.4,6.0,4.0
33,2,0,0.0,14.0,0.0
33,2,1,1.0,0.0,4.0
33,2,2,0.2857142857142857,10.0,4.0
33,3,0,0.0,14.0,0.0
33,3,1,0.5,2.0,2.0
33,3,2,0.16666666666666666,10.0,2.0
33,4,0,0.0,14.0,0.0
33,4,1,0.5,2.0,2.0
33,4,2,0.16666666666666666,10.0,2.0
33,5,0,0.0,14.0,0.0
33,5,1,0.5,4.0,4.0
33,5,2,0.4,6.0,4.0
33,6,0,0.0,14.0,0.0
33,6,1,0.3333333333333333,4.0,2.0
33,6,2,0.2,8.0,2.0
33,7,0,0.0,14.0,0.0
33,7,1,0.0,4.0,0.0
33,7,2,0.0,10.0,0.0
33,8,0,0.0,14.0,0.0
33,8,1,0.5,2.0,2.0
33,8,2,0.16666666666666666,10.0,2.0
34,1,0,0.3333333333333333,8.0,4.0
34,1,1,0.6666666666666666,2.0,4.0
34,1,2,0.0,4.0,0.0
34,1,3,0.0,10.0,0.0
34,2,0,0.0,10.0,0.0
34,2,1,0.0,4.0,0.0
34,2,2,0.5,2.0,2.0
34,2,3,0.16666666666666666,10.0,2.0
34,3,0,0.0,10.0,0.0
34,3,1,0.0,4.0,0.0
34,3,2,0.3333333333333333,4.0,2.0
34,3,3,0.2,8.0,2.0
34,4,0,0.0,10.0,0.0
34,4,1,0.0,4.0,0.0
34,4,2,0.3333333333333333,4.0,2.0
34,4,3,0.2,8.0,2.0
34,5,0,0.4,6.0,4.0
34,5,1,0.5,4.0,4.0
34,5,2,0.3333333333333333,4.0,2.0
34,5,3,0.2,8.0,2.0
34,6,0,0.4,6.0,4.0
34,6,1,0.3333333333333333,4.0,2.0
34,6,2,0.0,4.0,0.0
34,6,3,0.16666666666666666,10.0,2.0
34,7,0,0.0,10.0,0.0
34,7,1,0.0,4.0,0.0
34,7,2,0.0,4.0,0.0
34,7,3,0.0,10.0,0.0
34,8,0,0.0,10.0,0.0
34,8,1,0.0,4.0,0.0
34,8,2,0.3333333333333333,4.0,2.0
34,8,3,0.2,8.0,2.0
35,1,0,1.0,0.0,6.0
35,1,1,0.0,10.0,0.0
35,1,2,0.42857142857142855,8.0,6.0
35,1,3,0.0,4.0,0.0
35,2,0,1.0,0.0,4.0
35,2,1,0.0,10.0,0.0
35,2,2,0.2857142857142857,10.0,4.0
35,2,3,0.0,4.0,0.0
35,3,0,0.6666666666666666,2.0,4.0
35,3,1,0.2,8.0,2.0
35,3,2,0.3333333333333333,8.0,4.0
35,3,3,0.3333333333333333,4.0,2.0
35,4,0,0.0,4.0,0.0
35,4,1,0.4,6.0,4.0
35,4,2,0.0,10.0,0.0
35,4,3,0.5,4.0,4.0
35,5,0,0.0,4.0,0.0
35,5,1,0.0,10.0,0.0
35,5,2,0.0,10.0,0.0
35,5,3,0.0,4.0,0.0
35,6,0,0.0,4.0,0.0
35,6,1,0.16666666666666666,10.0,2.0
35,6,2,0.0,10.0,0.0
35,6,3,0.5,2.0,2.0
35,7,0,0.0,4.0,0.0
35,7,1,0.16666666666666666,10.0,2.0
35,7,2,0.0,10.0,0.0
35,7,3,0.5,2.0,2.0
35,8,0,0.0,4.0,0.0
35,8,1,0.3333333333333333,8.0,4.0
35,8,2,0.0,10.0,0.0
35,8,3,0.6666666666666666,2.0,4.0
36,1,0,0.3333333333333333,4.0,2.0
36,1,1,0.0,10.0,0.0
36,1,2,0.0,4.0,0.0
36,1,3,0.2,8.0,2.0
36,2,0,0.0,6.0,0.0
36,2,1,0.0,10.0,0.0
36,2,2,0.0,4.0,0.0
36,2,3,0.0,8.0,0.0
36,3,0,0.0,6.0,0.0
36,3,1,0.2,8.0,2.0
36,3,2,0.0,4.0,0.0
36,3,3,0.2,8.0,2.0
36,4,0,0.25,6.0,2.0
36,4,1,0.4,6.0,4.0
36,4,2,0.0,4.0,0.0
36,4,3,0.2,8.0,2.0
36,5,0,0.5,4.0,4.0
36,5,1,0.0,10.0,0.0
36,5,2,0.0,4.0,0.0
36,5,3,0.4,6.0,4.0
36,6,0,0.8,2.0,8.0
36,6,1,0.4,6.0,4.0
36,6,2,0.75,2.0,6.0
36,6,3,0.5,6.0,6.0
36,7,0,0.6666666666666666,4.0,8.0
36,7,1,0.5,6.0,6.0
36,7,2,0.0,4.0,0.0
36,7,3,0.25,6.0,2.0
36,8,0,0.5,4.0,4.0
36,8,1,0.16666666666666666,10.0,2.0
36,8,2,0.3333333333333333,4.0,2.0
36,8,3,0.5,4.0,4.0
37,1,0,0.3333333333333333,4.0,2.0
37,1,1,0.0,14.0,0.0
37,1,2,1.0,0.0,4.0
37,1,3,0.25,6.0,2.0
37,2,0,0.0,4.0,0.0
37,2,1,0.0,14.0,0.0
37,2,2,0.0,4.0,0.0
37,2,3,0.0,6.0,0.0
37,3,0,0.3333333333333333,4.0,2.0
37,3,1,0.0,14.0,0.0
37,3,2,0.0,4.0,0.0
37,3,3,0.3333333333333333,4.0,2.0
37,4,0,0.3333333333333333,4.0,2.0
37,4,1,0.0,14.0,0.0
37,4,2,0.0,4.0,0.0
37,4,3,0.3333333333333333,4.0,2.0
37,5,0,0.0,4.0,0.0
37,5,1,0.0,14.0,0.0
37,5,2,0.3333333333333333,4.0,2.0
37,5,3,0.3333333333333333,4.0,2.0
37,6,0,0.3333333333333333,4.0,2.0
37,6,1,0.0,14.0,0.0
37,6,2,0.0,4.0,0.0
37,6,3,0.3333333333333333,4.0,2.0
37,7,0,0.0,4.0,0.0
37,7,1,0.0,14.0,0.0
37,7,2,0.3333333333333333,4.0,2.0
37,7,3,0.3333333333333333,4.0,2.0
37,8,0,0.0,4.0,0.0
37,8,1,0.0,14.0,0.0
37,8,2,0.0,4.0,0.0
37,8,3,0.0,6.0,0.0
38,1,0,0.4,6.0,4.0
38,1,1,0.0,10.0,0.0
38,1,2,0.0,4.0,0.0
38,1,3,0.5,4.0,4.0
38,2,0,0.0,10.0,0.0
38,2,1,0.0,10.0,0.0
38,2,2,0.0,4.0,0.0
38,2,3,0.0,4.0,0.0
38,3,0,0.0,10.0,0.0
38,3,1,0.0,10.0,0.0
38,3,2,0.0,4.0,0.0
38,3,3,0.0,4.0,0.0
38,4,0,0.0,10.0,0.0
38,4,1,0.2,8.0,2.0
38,4,2,0.3333333333333333,4.0,2.0
38,4,3,0.0,4.0,0.0
38,5,0,0.0,10.0,0.0
38,5,1,0.2,8.0,2.0
38,5,2,0.3333333333333333,4.0,2.0
38,5,3,0.0,4.0,0.0
38,6,0,0.16666666666666666,10.0,2.0
38,6,1,0.0,10.0,0.0
38,6,2,0.0,4.0,0.0
38,6,3,0.5,2.0,2.0
38,7,0,0.0,10.0,0.0
38,7,1,0.3333333333333333,8.0,4.0
38,7,2,0.6666666666666666,2.0,4.0
38,7,3,0.0,4.0,0.0
38,8,0,0.0,10.0,0.0
38,8,1,0.2,8.0,2.0
38,8,2,0.3333333333333333,4.0,2.0
38,8,3,0.0,4.0,0.0
39,1,0,0.0,10.0,0.0
39,1,1,0.0,4.0,0.0
39,1,2,0.3333333333333333,4.0,2.0
39,1,3,0.2,8.0,2.0
39,2,0,0.0,10.0,0.0
39,2,1,0.0,4.0,0.0
39,2,2,0.3333333333333333,4.0,2.0
39,2,3,0.2,8.0,2.0
39,3,0,0.4,6.0,4.0
39,3,1,0.5,4.0,4.0
39,3,2,0.3333333333333333,4.0,2.0
39,3,3,0.2,8.0,2.0
39,4,0,0.3333333333333333,8.0,4.0
39,4,1,0.6666666666666666,2.0,4.0
39,4,2,0.75,2.0,6.0
39,4,3,0.5,6.0,6.0
39,5,0,0.16666666666666666,10.0,2.0
39,5,1,0.5,2.0,2.0
39,5,2,0.5,4.0,4.0
39,5,3,0.4,6.0,4.0
39,6,0,0.0,10.0,0.0
39,6,1,0.0,4.0,0.0
39,6,2,0.25,6.0,2.0
39,6,3,0.25,6.0,2.0
39,7,0,0.16666666666666666,10.0,2.0
39,7,1,0.5,2.0,2.0
39,7,2,0.25,6.0,2.0
39,7,3,0.25,6.0,2.0
39,8,0,0.42857142857142855,8.0,6.0
39,8,1,1.0,0.0,6.0
39,8,2,0.5,4.0,4.0
39,8,3,0.4,6.0,4.0
40,1,0,0.0,10.0,0.0
40,1,1,0.0,4.0,0.0
40,1,2,0.0,4.0,0.0
40,1,3,0.0,10.0,0.0
40,2,0,0.2,8.0,2.0
40,2,1,0.0,4.0,0.0
40,2,2,0.3333333333333333,4.0,2.0
40,2,3,0.0,10.0,0.0
40,3,0,0.2,8.0,2.0
40,3,1,0.0,4.0,0.0
40,3,2,0.3333333333333333,4.0,2.0
40,3,3,0.0,10.0,0.0
40,4,0,0.0,10.0,0.0
40,4,1,0.0,4.0,0.0
40,4,2,0.0,4.0,0.0
40,4,3,0.0,10.0,0.0
40,5,0,0.0,10.0,0.0
40,5,1,0.3333333333333333,4.0,2.0
40,5,2,0.0,4.0,0.0
40,5,3,0.2,8.0,2.0
40,6,0,0.2,8.0,2.0
40,6,1,0.0,4.0,0.0
40,6,2,0.3333333333333333,4.0,2.0
40,6,3,0.0,10.0,0.0
40,7,0,0.4,6.0,4.0
40,7,1,0.6666666666666666,2.0,4.0
40,7,2,0.5,4.0,4.0
40,7,3,0.3333333333333333,8.0,4.0
40,8,0,0.3333333333333333,8.0,4.0
40,8,1,1.0,0.0,6.0
40,8,2,0.6666666666666666,2.0,4.0
40,8,3,0.42857142857142855,8.0,6.0
41,1,0,0.2,8.0,2.0
41,1,1,0.75,2.0,6.0
41,1,2,0.3333333333333333,4.0,2.0
41,1,3,0.5,6.0,6.0
41,2,0,0.4,6.0,4.0
41,2,1,0.3333333333333333,4.0,2.0
41,2,2,0.5,4.0,4.0
41,2,3,0.2,8.0,2.0
41,3,0,0.2,8.0,2.0
41,3,1,0.3333333333333333,4.0,2.0
41,3,2,0.3333333333333333,4.0,2.0
41,3,3,0.2,8.0,2.0
41,4,0,0.0,8.0,0.0
41,4,1,0.0,4.0,0.0
41,4,2,0.0,6.0,0.0
41,4,3,0.0,10.0,0.0
41,5,0,0.0,8.0,0.0
41,5,1,0.0,4.0,0.0
41,5,2,0.0,6.0,0.0
41,5,3,0.0,10.0,0.0
41,6,0,0.0,8.0,0.0
41,6,1,0.0,4.0,0.0
41,6,2,0.0,6.0,0.0
41,6,3,0.0,10.0,0.0
41,7,0,0.0,8.0,0.0
41,7,1,0.5,2.0,2.0
41,7,2,0.0,6.0,0.0
41,7,3,0.16666666666666666,10.0,2.0
41,8,0,0.0,8.0,0.0
41,8,1,0.5,2.0,2.0
41,8,2,0.0,6.0,0.0
41,8,3,0.16666666666666666,10.0,2.0
42,1,0,0.3333333333333333,8.0,4.0
42,1,1,0.5,6.0,6.0
42,1,2,0.0,4.0,0.0
42,1,3,0.3333333333333333,4.0,2.0
42,2,0,0.3333333333333333,8.0,4.0
42,2,1,0.5,6.0,6.0
42,2,2,0.0,4.0,0.0
42,2,3,0.3333333333333333,4.0,2.0
42,3,0,0.2,8.0,2.0
42,3,1,0.2,8.0,2.0
42,3,2,0.3333333333333333,4.0,2.0
42,3,3,0.3333333333333333,4.0,2.0
42,4,0,0.0,10.0,0.0
42,4,1,0.0,10.0,0.0
42,4,2,0.0,4.0,0.0
42,4,3,0.0,4.0,0.0
42,5,0,0.0,10.0,0.0
42,5,1,0.0,10.0,0.0
42,5,2,0.0,4.0,0.0
42,5,3,0.0,4.0,0.0
42,6,0,0.0,10.0,0.0
42,6,1,0.0,10.0,0.0
42,6,2,0.0,4.0,0.0
42,6,3,0.0,4.0,0.0
42,7,0,0.0,10.0,0.0
42,7,1,0.0,10.0,0.0
42,7,2,0.0,4.0,0.0
42,7,3,0.0,4.0,0.0
42,8,0,0.2857142857142857,10.0,4.0
42,8,1,0.3333333333333333,8.0,4.0
42,8,2,1.0,0.0,4.0
42,8,3,0.6666666666666666,2.0,4.0
43,1,0,0.0,8.0,0.0
43,1,1,0.0,6.0,0.0
43,1,2,0.0,8.0,0.0
43,1,3,0.0,6.0,0.0
43,2,0,0.0,8.0,0.0
43,2,1,0.0,6.0,0.0
43,2,2,0.0,8.0,0.0
43,2,3,0.0,6.0,0.0
43,3,0,0.0,8.0,0.0
43,3,1,0.0,6.0,0.0
43,3,2,0.0,8.0,0.0
43,3,3,0.0,6.0,0.0
43,4,0,0.3333333333333333,8.0,4.0
43,4,1,0.6666666666666666,2.0,4.0
43,4,2,0.2,8.0,2.0
43,4,3,0.3333333333333333,4.0,2.0
43,5,0,0.4,6.0,4.0
43,5,1,0.5,4.0,4.0
43,5,2,0.0,8.0,0.0
43,5,3,0.0,6.0,0.0
43,6,0,0.5,4.0,4.0
43,6,1,0.4,6.0,4.0
43,6,2,0.2,8.0,2.0
43,6,3,0.3333333333333333,4.0,2.0
43,7,0,0.4,6.0,4.0
43,7,1,0.5,4.0,4.0
43,7,2,0.25,6.0,2.0
43,7,3,0.25,6.0,2.0
43,8,0,0.0,8.0,0.0
43,8,1,0.0,6.0,0.0
43,8,2,0.4,6.0,4.0
43,8,3,0.5,4.0,4.0
44,1,0,0.0,10.0,0.0
44,1,1,0.0,4.0,0.0
44,1,2,0.6666666666666666,2.0,4.0
44,1,3,0.3333333333333333,4.0,2.0
44,1,4,0.3333333333333333,4.0,2.0
44,2,0,0.3333333333333333,8.0,4.0
44,2,1,0.6666666666666666,2.0,4.0
44,2,2,0.3333333333333333,4.0,2.0
44,2,3,0.3333333333333333,4.0,2.0
44,2,4,0.0,4.0,0.0
44,3,0,0.3333333333333333,8.0,4.0
44,3,1,0.6666666666666666,2.0,4.0
44,3,2,0.3333333333333333,4.0,2.0
44,3,3,0.3333333333333333,4.0,2.0
44,3,4,0.0,4.0,0.0
44,4,0,0.16666666666666666,10.0,2.0
44,4,1,0.5,2.0,2.0
44,4,2,0.3333333333333333,4.0,2.0
44,4,3,0.3333333333333333,4.0,2.0
44,4,4,0.0,4.0,0.0
44,5,0,0.16666666666666666,10.0,2.0
44,5,1,0.5,2.0,2.0
44,5,2,0.6666666666666666,2.0,4.0
44,5,3,0.0,4.0,0.0
44,5,4,0.5,4.0,4.0
44,6,0,0.4,6.0,4.0
44,6,1,0.5,4.0,4.0
44,6,2,0.3333333333333333,4.0,2.0
44,6,3,0.0,4.0,0.0
44,6,4,0.3333333333333333,4.0,2.0
44,7,0,0.0,10.0,0.0
44,7,1,0.0,4.0,0.0
44,7,2,0.0,6.0,0.0
44,7,3,0.0,4.0,0.0
44,7,4,0.0,4.0,0.0
44,8,0,0.0,10.0,0.0
44,8,1,0.0,4.0,0.0
44,8,2,0.5,4.0,4.0
44,8,3,0.0,4.0,0.0
44,8,4,0.6666666666666666,2.0,4.0
45,1,0,0.25,6.0,2.0
45,1,1,0.0,6.0,0.0
45,1,2,0.0,4.0,0.0
45,1,3,0.0,4.0,0.0
45,1,4,0.25,6.0,2.0
45,2,0,0.0,8.0,0.0
45,2,1,0.3333333333333333,4.0,2.0
45,2,2,0.3333333333333333,4.0,2.0
45,2,3,0.0,4.0,0.0
45,2,4,0.0,6.0,0.0
45,3,0,0.0,8.0,0.0
45,3,1,0.0,6.0,0.0
45,3,2,0.0,4.0,0.0
45,3,3,0.0,4.0,0.0
45,3,4,0.0,6.0,0.0
45,4,0,0.0,8.0,0.0
45,4,1,0.3333333333333333,4.0,2.0
45,4,2,0.0,4.0,0.0
45,4,3,0.3333333333333333,4.0,2.0
45,4,4,0.0,6.0,0.0
45,5,0,0.25,6.0,2.0
45,5,1,0.0,6.0,0.0
45,5,2,0.0,4.0,0.0
45,5,3,0.0,4.0,0.0
45,5,4,0.25,6.0,2.0
45,6,0,0.0,8.0,0.0
45,6,1,0.0,6.0,0.0
45,6,2,0.0,4.0,0.0
45,6,3,0.0,4.0,0.0
45,6,4,0.0,6.0,0.0
45,7,0,0.0,8.0,0.0
45,7,1,0.3333333333333333,4.0,2.0
45,7,2,0.0,4.0,0.0
45,7,3,0.3333333333333333,4.0,2.0
45,7,4,0.0,6.0,0.0
45,8,0,0.0,8.0,0.0
45,8,1,0.0,6.0,0.0
45,8,2,0.5,2.0,2.0
45,8,3,0.3333333333333333,4.0,2.0
45,8,4,0.0,6.0,0.0
46,1,0,0.0,8.0,0.0
46,1,1,0.0,6.0,0.0
46,1,2,0.2,8.0,2.0
46,1,3,0.3333333333333333,4.0,2.0
46,2,0,0.0,8.0,0.0
46,2,1,0.0,6.0,0.0
46,2,2,0.0,10.0,0.0
46,2,3,0.0,4.0,0.0
46,3,0,0.0,8.0,0.0
46,3,1,0.0,6.0,0.0
46,3,2,0.0,10.0,0.0
46,3,3,0.0,4.0,0.0
46,4,0,0.0,8.0,0.0
46,4,1,0.0,6.0,0.0
46,4,2,0.0,10.0,0.0
46,4,3,0.0,4.0,0.0
46,5,0,0.0,8.0,0.0
46,5,1,0.0,6.0,0.0
46,5,2,0.2,8.0,2.0
46,5,3,0.3333333333333333,4.0,2.0
46,6,0,0.0,8.0,0.0
46,6,1,0.0,6.0,0.0
46,6,2,0.16666666666666666,10.0,2.0
46,6,3,0.5,2.0,2.0
46,7,0,0.0,8.0,0.0
46,7,1,0.0,6.0,0.0
46,7,2,0.16666666666666666,10.0,2.0
46,7,3,0.5,2.0,2.0
46,8,0,0.0,8.0,0.0
46,8,1,0.0,6.0,0.0
46,8,2,0.6666666666666666,4.0,8.0
46,8,3,0.8,2.0,8.0
47,1,0,0.0,6.0,0.0
47,1,1,0.0,4.0,0.0
47,1,2,0.0,4.0,0.0
47,1,3,0.0,14.0,0.0
47,2,0,0.0,6.0,0.0
47,2,1,0.0,4.0,0.0
47,2,2,0.0,4.0,0.0
47,2,3,0.0,14.0,0.0
47,3,0,0.0,6.0,0.0
47,3,1,0.0,4.0,0.0
47,3,2,0.0,4.0,0.0
47,3,3,0.0,14.0,0.0
47,4,0,0.0,6.0,0.0
47,4,1,0.0,4.0,0.0
47,4,2,0.0,4.0,0.0
47,4,3,0.0,14.0,0.0
47,5,0,0.0,6.0,0.0
47,5,1,0.0,4.0,0.0
47,5,2,0.0,4.0,0.0
47,5,3,0.0,14.0,0.0
47,6,0,0.0,6.0,0.0
47,6,1,0.0,4.0,0.0
47,6,2,0.0,4.0,0.0
47,6,3,0.0,14.0,0.0
47,7,0,0.0,6.0,0.0
47,7,1,0.0,4.0,0.0
47,7,2,0.0,4.0,0.0
47,7,3,0.0,14.0,0.0
47,8,0,0.0,6.0,0.0
47,8,1,0.0,4.0,0.0
47,8,2,0.0,4.0,0.0
47,8,3,0.0,14.0,0.0
48,1,0,0.0,6.0,0.0
48,1,1,0.0,6.0,0.0
48,1,2,0.0,4.0,0.0
48,1,3,0.0,4.0,0.0
48,1,4,0.0,8.0,0.0
48,2,0,0.0,6.0,0.0
48,2,1,0.5,4.0,4.0
48,2,2,0.0,4.0,0.0
48,2,3,0.0,4.0,0.0
48,2,4,0.4,6.0,4.0
48,3,0,0.0,6.0,0.0
48,3,1,0.3333333333333333,4.0,2.0
48,3,2,0.0,4.0,0.0
48,3,3,0.0,4.0,0.0
48,3,4,0.2,8.0,2.0
48,4,0,0.0,6.0,0.0
48,4,1,0.3333333333333333,4.0,2.0
48,4,2,0.0,4.0,0.0
48,4,3,0.0,4.0,0.0
48,4,4,0.2,8.0,2.0
48,5,0,0.0,6.0,0.0
48,5,1,0.0,6.0,0.0
48,5,2,0.0,4.0,0.0
48,5,3,0.0,4.0,0.0
48,5,4,0.0,8.0,0.0
48,6,0,0.0,6.0,0.0
48,6,1,0.25,6.0,2.0
48,6,2,0.0,4.0,0.0
48,6,3,0.0,4.0,0.0
48,6,4,0.25,6.0,2.0
48,7,0,0.0,6.0,0.0
48,7,1,0.5,4.0,4.0
48,7,2,0.0,4.0,0.0
48,7,3,0.0,4.0,0.0
48,7,4,0.4,6.0,4.0
48,8,0,0.3333333333333333,4.0,2.0
48,8,1,0.3333333333333333,4.0,2.0
48,8,2,0.3333333333333333,4.0,2.0
48,8,3,0.0,4.0,0.0
48,8,4,0.2,8.0,2.0
49,1,0,0.3333333333333333,4.0,2.0
49,1,1,0.0,14.0,0.0
49,1,2,0.3333333333333333,4.0,2.0
49,1,3,0.0,4.0,0.0
49,2,0,0.0,6.0,0.0
49,2,1,0.0,14.0,0.0
49,2,2,0.0,4.0,0.0
49,2,3,0.0,4.0,0.0
49,3,0,0.0,6.0,0.0
49,3,1,0.0,14.0,0.0
49,3,2,0.0,4.0,0.0
49,3,3,0.0,4.0,0.0
49,4,0,0.0,6.0,0.0
49,4,1,0.0,14.0,0.0
49,4,2,0.0,4.0,0.0
49,4,3,0.0,4.0,0.0
49,5,0,0.0,6.0,0.0
49,5,1,0.0,14.0,0.0
49,5,2,0.0,4.0,0.0
49,5,3,0.0,4.0,0.0
49,6,0,0.0,6.0,0.0
49,6,1,0.0,14.0,0.0
49,6,2,0.0,4.0,0.0
49,6,3,0.0,4.0,0.0
49,7,0,0.0,6.0,0.0
49,7,1,0.0,14.0,0.0
49,7,2,0.0,4.0,0.0
49,7,3,0.0,4.0,0.0
49,8,0,0.0,6.0,0.0
49,8,1,0.0,14.0,0.0
49,8,2,1.0,0.0,4.0
49,8,3,0.5,4.0,4.0
50,1,0,0.3333333333333333,4.0,2.0
50,1,1,0.0,4.0,0.0
50,1,2,0.0,6.0,0.0
50,1,3,0.5,4.0,4.0
50,1,4,0.25,6.0,2.0
50,2,0,0.0,4.0,0.0
50,2,1,0.3333333333333333,4.0,2.0
50,2,2,0.0,6.0,0.0
50,2,3,0.6,4.0,6.0
50,2,4,0.5,4.0,4.0
50,3,0,0.0,4.0,0.0
50,3,1,0.3333333333333333,4.0,2.0
50,3,2,0.25,6.0,2.0
50,3,3,0.5,4.0,4.0
50,3,4,0.0,6.0,0.0
50,4,0,0.3333333333333333,4.0,2.0
50,4,1,0.0,4.0,0.0
50,4,2,0.5,4.0,4.0
50,4,3,0.6,4.0,6.0
50,4,4,0.0,6.0,0.0
50,5,0,0.0,4.0,0.0
50,5,1,0.3333333333333333,4.0,2.0
50,5,2,0.3333333333333333,4.0,2.0
50,5,3,0.5,4.0,4.0
50,5,4,0.4,6.0,4.0
50,6,0,0.0,4.0,0.0
50,6,1,0.0,4.0,0.0
50,6,2,0.3333333333333333,4.0,2.0
50,6,3,0.2,8.0,2.0
50,6,4,0.0,6.0,0.0
50,7,0,0.0,4.0,0.0
50,7,1,0.0,4.0,0.0
50,7,2,0.3333333333333333,4.0,2.0
50,7,3,0.2,8.0,2.0
50,7,4,0.0,6.0,0.0
50,8,0,0.0,4.0,0.0
50,8,1,0.0,4.0,0.0
50,8,2,0.3333333333333333,4.0,2.0
50,8,3,0.2,8.0,2.0
50,8,4,0.5,4.0,4.0
51,1,0,0.6666666666666666,4.0,8.0
51,1,1,0.8,2.0,8.0
51,1,2,0.3333333333333333,4.0,2.0
51,1,3,0.2,8.0,2.0
51,2,0,0.2,8.0,2.0
51,2,1,0.3333333333333333,4.0,2.0
51,2,2,0.3333333333333333,4.0,2.0
51,2,3,0.2,8.0,2.0
51,3,0,0.3333333333333333,8.0,4.0
51,3,1,0.6666666666666666,2.0,4.0
51,3,2,0.75,2.0,6.0
51,3,3,0.5,6.0,6.0
51,4,0,0.0,8.0,0.0
51,4,1,0.0,6.0,0.0
51,4,2,0.0,4.0,0.0
51,4,3,0.0,10.0,0.0
51,5,0,0.0,8.0,0.0
51,5,1,0.0,6.0,0.0
51,5,2,0.0,4.0,0.0
51,5,3,0.0,10.0,0.0
51,6,0,0.4,6.0,4.0
51,6,1,0.5,4.0,4.0
51,6,2,0.3333333333333333,4.0,2.0
51,6,3,0.2,8.0,2.0
51,7,0,0.4,6.0,4.0
51,7,1,0.5,4.0,4.0
51,7,2,0.6666666666666666,2.0,4.0
51,7,3,0.3333333333333333,8.0,4.0
51,8,0,0.3333333333333333,8.0,4.0
51,8,1,0.6666666666666666,2.0,4.0
51,8,2,1.0,0.0,4.0
51,8,3,0.2857142857142857,10.0,4.0
52,1,0,0.3333333333333333,4.0,2.0
52,1,1,0.2,8.0,2.0
52,1,2,0.4,6.0,4.0
52,1,3,0.5,4.0,4.0
52,2,0,0.3333333333333333,4.0,2.0
52,2,1,0.2,8.0,2.0
52,2,2,0.2,8.0,2.0
52,2,3,0.3333333333333333,4.0,2.0
52,3,0,0.3333333333333333,4.0,2.0
52,3,1,0.2,8.0,2.0
52,3,2,0.2,8.0,2.0
52,3,3,0.3333333333333333,4.0,2.0
52,4,0,0.3333333333333333,4.0,2.0
52,4,1,0.2,8.0,2.0
52,4,2,0.0,8.0,0.0
52,4,3,0.0,6.0,0.0
52,5,0,0.0,4.0,0.0
52,5,1,0.0,10.0,0.0
52,5,2,0.4,6.0,4.0
52,5,3,0.5,4.0,4.0
52,6,0,0.0,4.0,0.0
52,6,1,0.0,10.0,0.0
52,6,2,0.0,8.0,0.0
52,6,3,0.0,6.0,0.0
52,7,0,0.0,4.0,0.0
52,7,1,0.0,10.0,0.0
52,7,2,0.25,6.0,2.0
52,7,3,0.25,6.0,2.0
52,8,0,0.0,4.0,0.0
52,8,1,0.0,10.0,0.0
52,8,2,0.25,6.0,2.0
52,8,3,0.25,6.0,2.0
53,1,0,0.0,4.0,0.0
53,1,1,0.0,6.0,0.0
53,1,2,0.0,4.0,0.0
53,1,3,0.0,4.0,0.0
53,1,4,0.0,6.0,0.0
53,1,5,0.0,4.0,0.0
53,2,0,0.0,4.0,0.0
53,2,1,0.0,6.0,0.0
53,2,2,0.0,4.0,0.0
53,2,3,0.0,4.0,0.0
53,2,4,0.0,6.0,0.0
53,2,5,0.0,4.0,0.0
53,3,0,0.3333333333333333,4.0,2.0
53,3,1,0.3333333333333333,4.0,2.0
53,3,2,0.0,4.0,0.0
53,3,3,0.0,4.0,0.0
53,3,4,0.0,6.0,0.0
53,3,5,0.0,4.0,0.0
53,4,0,0.5,2.0,2.0
53,4,1,0.3333333333333333,4.0,2.0
53,4,2,0.0,4.0,0.0
53,4,3,0.5,4.0,4.0
53,4,4,0.0,6.0,0.0
53,4,5,0.0,4.0,0.0
53,5,0,0.0,4.0,0.0
53,5,1,0.3333333333333333,4.0,2.0
53,5,2,0.0,4.0,0.0
53,5,3,0.3333333333333333,4.0,2.0
53,5,4,0.0,6.0,0.0
53,5,5,0.0,4.0,0.0
53,6,0,0.0,4.0,0.0
53,6,1,0.0,6.0,0.0
53,6,2,0.0,4.0,0.0
53,6,3,0.0,4.0,0.0
53,6,4,0.0,6.0,0.0
53,6,5,0.0,4.0,0.0
53,7,0,0.3333333333333333,4.0,2.0
53,7,1,0.3333333333333333,4.0,2.0
53,7,2,0.0,4.0,0.0
53,7,3,0.0,4.0,0.0
53,7,4,0.25,6.0,2.0
53,7,5,0.5,2.0,2.0
53,8,0,0.0,4.0,0.0
53,8,1,0.3333333333333333,4.0,2.0
53,8,2,0.5,2.0,2.0
53,8,3,0.3333333333333333,4.0,2.0
53,8,4,0.4,6.0,4.0
53,8,5,0.5,2.0,2.0
54,1,0,0.3333333333333333,4.0,2.0
54,1,1,0.3333333333333333,4.0,2.0
54,1,2,0.0,4.0,0.0
54,1,3,0.0,10.0,0.0
54,1,4,0.0,4.0,0.0
54,2,0,0.3333333333333333,4.0,2.0
54,2,1,0.3333333333333333,4.0,2.0
54,2,2,0.0,4.0,0.0
54,2,3,0.2,8.0,2.0
54,2,4,0.3333333333333333,4.0,2.0
54,3,0,0.6666666666666666,2.0,4.0
54,3,1,0.5,4.0,4.0
54,3,2,0.0,4.0,0.0
54,3,3,0.0,10.0,0.0
54,3,4,0.0,4.0,0.0
54,4,0,0.6666666666666666,2.0,4.0
54,4,1,0.0,6.0,0.0
54,4,2,0.6666666666666666,2.0,4.0
54,4,3,0.6,4.0,6.0
54,4,4,0.6,4.0,6.0
54,5,0,0.0,4.0,0.0
54,5,1,0.3333333333333333,4.0,2.0
54,5,2,0.3333333333333333,4.0,2.0
54,5,3,0.0,10.0,0.0
54,5,4,0.0,4.0,0.0
54,6,0,0.0,4.0,0.0
54,6,1,0.75,2.0,6.0
54,6,2,0.3333333333333333,4.0,2.0
54,6,3,0.3333333333333333,8.0,4.0
54,6,4,0.0,4.0,0.0
54,7,0,0.0,4.0,0.0
54,7,1,0.0,6.0,0.0
54,7,2,0.0,4.0,0.0
54,7,3,0.16666666666666666,10.0,2.0
54,7,4,0.5,2.0,2.0
54,8,0,0.0,4.0,0.0
54,8,1,0.0,6.0,0.0
54,8,2,0.0,4.0,0.0
54,8,3,0.5,6.0,6.0
54,8,4,0.75,2.0,6.0
55,1,0,0.3333333333333333,4.0,2.0
55,1,1,0.3333333333333333,4.0,2.0
55,1,2,0.0,4.0,0.0
55,1,3,0.0,10.0,0.0
55,1,4,0.0,4.0,0.0
55,2,0,0.3333333333333333,4.0,2.0
55,2,1,0.3333333333333333,4.0,2.0
55,2,2,0.0,4.0,0.0
55,2,3,0.0,10.0,0.0
55,2,4,0.0,4.0,0.0
55,3,0,0.3333333333333333,4.0,2.0
55,3,1,0.0,4.0,0.0
55,3,2,0.3333333333333333,4.0,2.0
55,3,3,0.0,10.0,0.0
55,3,4,0.0,4.0,0.0
55,4,0,0.3333333333333333,4.0,2.0
55,4,1,0.0,4.0,0.0
55,4,2,0.3333333333333333,4.0,2.0
55,4,3,0.0,10.0,0.0
55,4,4,0.0,4.0,0.0
55,5,0,0.0,6.0,0.0
55,5,1,0.0,4.0,0.0
55,5,2,0.0,4.0,0.0
55,5,3,0.0,10.0,0.0
55,5,4,0.0,4.0,0.0
55,6,0,0.0,6.0,0.0
55,6,1,0.0,4.0,0.0
55,6,2,0.0,4.0,0.0
55,6,3,0.0,10.0,0.0
55,6,4,0.0,4.0,0.0
55,7,0,0.0,6.0,0.0
55,7,1,0.0,4.0,0.0
55,7,2,0.0,4.0,0.0
55,7,3,0.0,10.0,0.0
55,7,4,0.0,4.0,0.0
55,8,0,0.5,4.0,4.0
55,8,1,0.6666666666666666,2.0,4.0
55,8,2,0.0,4.0,0.0
55,8,3,0.0,10.0,0.0
55,8,4,0.0,4.0,0.0
56,1,0,0.3333333333333333,4.0,2.0
56,1,1,0.0,4.0,0.0
56,1,2,0.0,4.0,0.0
56,1,3,0.5,4.0,4.0
56,1,4,0.2,8.0,2.0
56,2,0,0.3333333333333333,4.0,2.0
56,2,1,0.3333333333333333,4.0,2.0
56,2,2,0.0,4.0,0.0
56,2,3,0.0,4.0,0.0
56,2,4,0.0,10.0,0.0
56,3,0,0.3333333333333333,4.0,2.0
56,3,1,0.3333333333333333,4.0,2.0
56,3,2,0.0,4.0,0.0
56,3,3,0.0,4.0,0.0
56,3,4,0.0,10.0,0.0
56,4,0,0.3333333333333333,4.0,2.0
56,4,1,0.0,4.0,0.0
56,4,2,0.3333333333333333,4.0,2.0
56,4,3,0.0,4.0,0.0
56,4,4,0.0,10.0,0.0
56,5,0,0.0,6.0,0.0
56,5,1,0.0,4.0,0.0
56,5,2,0.0,4.0,0.0
56,5,3,0.0,4.0,0.0
56,5,4,0.0,10.0,0.0
56,6,0,0.3333333333333333,4.0,2.0
56,6,1,0.0,4.0,0.0
56,6,2,0.3333333333333333,4.0,2.0
56,6,3,0.0,4.0,0.0
56,6,4,0.0,10.0,0.0
56,7,0,0.3333333333333333,4.0,2.0
56,7,1,0.0,4.0,0.0
56,7,2,0.0,4.0,0.0
56,7,3,0.3333333333333333,4.0,2.0
56,7,4,0.3333333333333333,8.0,4.0
56,8,0,0.5,4.0,4.0
56,8,1,0.3333333333333333,4.0,2.0
56,8,2,0.0,4.0,0.0
56,8,3,0.5,2.0,2.0
56,8,4,0.3333333333333333,8.0,4.0
57,1,0,0.5,4.0,4.0
57,1,1,0.2,8.0,2.0
57,1,2,0.3333333333333333,4.0,2.0
57,1,3,0.4,6.0,4.0
57,2,0,0.25,6.0,2.0
57,2,1,0.2,8.0,2.0
57,2,2,0.3333333333333333,4.0,2.0
57,2,3,0.25,6.0,2.0
57,3,0,0.25,6.0,2.0
57,3,1,0.25,6.0,2.0
57,3,2,0.25,6.0,2.0
57,3,3,0.25,6.0,2.0
57,4,0,0.0,8.0,0.0
57,4,1,0.0,8.0,0.0
57,4,2,0.0,6.0,0.0
57,4,3,0.0,6.0,0.0
57,5,0,0.0,8.0,0.0
57,5,1,0.5,4.0,4.0
57,5,2,0.4,6.0,4.0
57,5,3,0.0,6.0,0.0
57,6,0,0.0,8.0,0.0
57,6,1,0.25,6.0,2.0
57,6,2,0.25,6.0,2.0
57,6,3,0.0,6.0,0.0
57,7,0,0.4,6.0,4.0
57,7,1,0.25,6.0,2.0
57,7,2,0.25,6.0,2.0
57,7,3,0.5,4.0,4.0
57,8,0,0.6666666666666666,4.0,8.0
57,8,1,0.6,4.0,6.0
57,8,2,0.6,4.0,6.0
57,8,3,0.8,2.0,8.0
58,1,0,0.6,4.0,6.0
58,1,1,0.6,4.0,6.0
58,1,2,0.6666666666666666,2.0,4.0
58,1,3,0.3333333333333333,8.0,4.0
58,2,0,0.3333333333333333,4.0,2.0
58,2,1,0.2,8.0,2.0
58,2,2,0.3333333333333333,4.0,2.0
58,2,3,0.2,8.0,2.0
58,3,0,0.0,4.0,0.0
58,3,1,0.0,10.0,0.0
58,3,2,0.5,2.0,2.0
58,3,3,0.16666666666666666,10.0,2.0
58,4,0,0.0,4.0,0.0
58,4,1,0.0,10.0,0.0
58,4,2,0.3333333333333333,4.0,2.0
58,4,3,0.2,8.0,2.0
58,5,0,0.0,4.0,0.0
58,5,1,0.0,10.0,0.0
58,5,2,0.3333333333333333,4.0,2.0
58,5,3,0.2,8.0,2.0
58,6,0,0.0,4.0,0.0
58,6,1,0.0,10.0,0.0
58,6,2,1.0,0.0,6.0
58,6,3,0.42857142857142855,8.0,6.0
58,7,0,0.0,4.0,0.0
58,7,1,0.0,10.0,0.0
58,7,2,0.0,4.0,0.0
58,7,3,0.0,10.0,0.0
58,8,0,0.0,4.0,0.0
58,8,1,0.0,10.0,0.0
58,8,2,0.0,4.0,0.0
58,8,3,0.0,10.0,0.0
59,1,0,0.5,4.0,4.0
59,1,1,0.0,6.0,0.0
59,1,2,0.4,6.0,4.0
59,1,3,0.0,8.0,0.0
59,2,0,0.3333333333333333,4.0,2.0
59,2,1,0.0,6.0,0.0
59,2,2,0.2,8.0,2.0
59,2,3,0.0,8.0,0.0
59,3,0,1.0,0.0,8.0
59,3,1,0.0,6.0,0.0
59,3,2,0.5714285714285714,6.0,8.0
59,3,3,0.0,8.0,0.0
59,4,0,0.5,2.0,2.0
59,4,1,0.0,6.0,0.0
59,4,2,0.16666666666666666,10.0,2.0
59,4,3,0.0,8.0,0.0
59,5,0,0.0,4.0,0.0
59,5,1,0.0,6.0,0.0
59,5,2,0.0,10.0,0.0
59,5,3,0.0,8.0,0.0
59,6,0,0.5,2.0,2.0
59,6,1,0.25,6.0,2.0
59,6,2,0.16666666666666666,10.0,2.0
59,6,3,0.25,6.0,2.0
59,7,0,0.5,2.0,2.0
59,7,1,0.3333333333333333,4.0,2.0
59,7,2,0.16666666666666666,10.0,2.0
59,7,3,0.2,8.0,2.0
59,8,0,0.3333333333333333,4.0,2.0
59,8,1,1.0,0.0,6.0
59,8,2,0.2,8.0,2.0
59,8,3,0.42857142857142855,8.0,6.0
60,1,0,0.0,14.0,0.0
60,1,1,0.0,4.0,0.0
60,1,2,0.0,10.0,0.0
60,2,0,0.125,14.0,2.0
60,2,1,0.6666666666666666,2.0,4.0
60,2,2,0.5,6.0,6.0
60,3,0,0.0,14.0,0.0
60,3,1,1.0,0.0,4.0
60,3,2,0.2857142857142857,10.0,4.0
60,4,0,0.0,14.0,0.0
60,4,1,0.5,2.0,2.0
60,4,2,0.16666666666666666,10.0,2.0
60,5,0,0.0,14.0,0.0
60,5,1,0.5,4.0,4.0
60,5,2,0.4,6.0,4.0
60,6,0,0.0,14.0,0.0
60,6,1,0.5,4.0,4.0
60,6,2,0.4,6.0,4.0
60,7,0,0.0,14.0,0.0
60,7,1,0.5,2.0,2.0
60,7,2,0.16666666666666666,10.0,2.0
60,8,0,0.0,14.0,0.0
60,8,1,0.5,2.0,2.0
60,8,2,0.16666666666666666,10.0,2.0
61,1,0,0.2,8.0,2.0
61,1,1,0.0,4.0,0.0
61,1,2,0.0,4.0,0.0
61,1,3,0.3333333333333333,4.0,2.0
61,1,4,0.0,6.0,0.0
61,2,0,0.0,10.0,0.0
61,2,1,0.0,4.0,0.0
61,2,2,0.0,4.0,0.0
61,2,3,0.0,4.0,0.0
61,2,4,0.0,6.0,0.0
61,3,0,0.0,10.0,0.0
61,3,1,0.0,4.0,0.0
61,3,2,0.3333333333333333,4.0,2.0
61,3,3,0.0,4.0,0.0
61,3,4,0.3333333333333333,4.0,2.0
61,4,0,0.2,8.0,2.0
61,4,1,0.3333333333333333,4.0,2.0
61,4,2,0.0,4.0,0.0
61,4,3,0.3333333333333333,4.0,2.0
61,4,4,0.3333333333333333,4.0,2.0
61,5,0,0.0,10.0,0.0
61,5,1,0.0,4.0,0.0
61,5,2,1.0,0.0,4.0
61,5,3,0.0,4.0,0.0
61,5,4,0.4,6.0,4.0
61,6,0,0.0,10.0,0.0
61,6,1,0.0,4.0,0.0
61,6,2,0.0,4.0,0.0
61,6,3,0.0,4.0,0.0
61,6,4,0.0,6.0,0.0
61,7,0,0.0,10.0,0.0
61,7,1,0.3333333333333333,4.0,2.0
61,7,2,0.0,4.0,0.0
61,7,3,0.0,4.0,0.0
61,7,4,0.3333333333333333,4.0,2.0
61,8,0,0.0,10.0,0.0
61,8,1,0.0,4.0,0.0
61,8,2,0.0,4.0,0.0
61,8,3,0.0,4.0,0.0
61,8,4,0.0,6.0,0.0
62,1,0,0.2,8.0,2.0
62,1,1,0.0,6.0,0.0
62,1,2,0.0,4.0,0.0
62,1,3,0.0,4.0,0.0
62,1,4,0.3333333333333333,4.0,2.0
62,2,0,0.4,6.0,4.0
62,2,1,0.0,6.0,0.0
62,2,2,0.0,4.0,0.0
62,2,3,0.0,4.0,0.0
62,2,4,0.5,4.0,4.0
62,3,0,0.5,4.0,4.0
62,3,1,0.0,6.0,0.0
62,3,2,0.0,4.0,0.0
62,3,3,0.0,4.0,0.0
62,3,4,0.4,6.0,4.0
62,4,0,0.4,6.0,4.0
62,4,1,0.0,6.0,0.0
62,4,2,0.0,4.0,0.0
62,4,3,0.0,4.0,0.0
62,4,4,0.5,4.0,4.0
62,5,0,0.5,4.0,4.0
62,5,1,0.0,6.0,0.0
62,5,2,0.0,4.0,0.0
62,5,3,0.0,4.0,0.0
62,5,4,0.4,6.0,4.0
62,6,0,0.4,6.0,4.0
62,6,1,0.25,6.0,2.0
62,6,2,0.5,2.0,2.0
62,6,3,0.0,4.0,0.0
62,6,4,0.5,4.0,4.0
62,7,0,0.25,6.0,2.0
62,7,1,0.0,6.0,0.0
62,7,2,0.0,4.0,0.0
62,7,3,0.0,4.0,0.0
62,7,4,0.25,6.0,2.0
62,8,0,0.25,6.0,2.0
62,8,1,0.25,6.0,2.0
62,8,2,0.0,4.0,0.0
62,8,3,0.5,2.0,2.0
62,8,4,0.25,6.0,2.0
63,1,0,0.0,4.0,0.0
63,1,1,1.0,0.0,10.0
63,1,2,0.7142857142857143,4.0,10.0
63,1,3,0.3333333333333333,4.0,2.0
63,1,4,0.3333333333333333,4.0,2.0
63,2,0,0.0,4.0,0.0
63,2,1,0.5,4.0,4.0
63,2,2,0.4,6.0,4.0
63,2,3,0.3333333333333333,4.0,2.0
63,2,4,0.3333333333333333,4.0,2.0
63,3,0,0.0,4.0,0.0
63,3,1,0.3333333333333333,4.0,2.0
63,3,2,0.2,8.0,2.0
63,3,3,0.0,4.0,0.0
63,3,4,0.0,6.0,0.0
63,4,0,0.0,4.0,0.0
63,4,1,0.0,4.0,0.0
63,4,2,0.0,10.0,0.0
63,4,3,0.0,4.0,0.0
63,4,4,0.0,6.0,0.0
63,5,0,0.6666666666666666,2.0,4.0
63,5,1,0.0,4.0,0.0
63,5,2,0.0,10.0,0.0
63,5,3,0.75,2.0,6.0
63,5,4,0.3333333333333333,4.0,2.0
63,6,0,0.5,2.0,2.0
63,6,1,0.0,4.0,0.0
63,6,2,0.0,10.0,0.0
63,6,3,0.3333333333333333,4.0,2.0
63,6,4,0.0,6.0,0.0
63,7,0,0.0,4.0,0.0
63,7,1,0.0,4.0,0.0
63,7,2,0.0,10.0,0.0
63,7,3,0.0,4.0,0.0
63,7,4,0.0,6.0,0.0
63,8,0,0.5,2.0,2.0
63,8,1,0.0,4.0,0.0
63,8,2,0.0,10.0,0.0
63,8,3,0.75,2.0,6.0
63,8,4,0.5,4.0,4.0
64,1,0,0.0,8.0,0.0
64,1,1,0.25,6.0,2.0
64,1,2,0.0,6.0,0.0
64,1,3,0.25,6.0,2.0
64,2,0,0.4,6.0,4.0
64,2,1,0.3333333333333333,4.0,2.0
64,2,2,0.0,6.0,0.0
64,2,3,0.5,6.0,6.0
64,3,0,0.0,8.0,0.0
64,3,1,0.0,6.0,0.0
64,3,2,0.0,6.0,0.0
64,3,3,0.0,8.0,0.0
64,4,0,0.0,8.0,0.0
64,4,1,0.0,6.0,0.0
64,4,2,0.0,6.0,0.0
64,4,3,0.0,8.0,0.0
64,5,0,0.0,8.0,0.0
64,5,1,0.0,6.0,0.0
64,5,2,0.5,4.0,4.0
64,5,3,0.4,6.0,4.0
64,6,0,0.4,6.0,4.0
64,6,1,0.5,4.0,4.0
64,6,2,0.5,4.0,4.0
64,6,3,0.4,6.0,4.0
64,7,0,0.2,8.0,2.0
64,7,1,0.3333333333333333,4.0,2.0
64,7,2,0.25,6.0,2.0
64,7,3,0.25,6.0,2.0
64,8,0,0.0,8.0,0.0
64,8,1,0.3333333333333333,4.0,2.0
64,8,2,0.0,6.0,0.0
64,8,3,0.2,8.0,2.0
65,1,0,0.2,8.0,2.0
65,1,1,0.3333333333333333,4.0,2.0
65,1,2,0.0,10.0,0.0
65,1,3,0.0,4.0,0.0
65,2,0,0.0,10.0,0.0
65,2,1,0.0,4.0,0.0
65,2,2,0.2,8.0,2.0
65,2,3,0.3333333333333333,4.0,2.0
65,3,0,0.2,8.0,2.0
65,3,1,0.3333333333333333,4.0,2.0
65,3,2,0.0,10.0,0.0
65,3,3,0.0,4.0,0.0
65,4,0,0.2,8.0,2.0
65,4,1,0.3333333333333333,4.0,2.0
65,4,2,0.4,6.0,4.0
65,4,3,0.5,4.0,4.0
65,5,0,0.4,6.0,4.0
65,5,1,0.5,4.0,4.0
65,5,2,0.0,10.0,0.0
65,5,3,0.0,4.0,0.0
65,6,0,0.0,10.0,0.0
65,6,1,0.0,4.0,0.0
65,6,2,0.2,8.0,2.0
65,6,3,0.3333333333333333,4.0,2.0
65,7,0,0.2,8.0,2.0
65,7,1,0.3333333333333333,4.0,2.0
65,7,2,0.2,8.0,2.0
65,7,3,0.3333333333333333,4.0,2.0
65,8,0,0.0,10.0,0.0
65,8,1,0.0,4.0,0.0
65,8,2,0.0,10.0,0.0
65,8,3,0.0,4.0,0.0
66,1,0,0.3333333333333333,4.0,2.0
66,1,1,0.2,8.0,2.0
66,1,2,0.2,8.0,2.0
66,1,3,0.3333333333333333,4.0,2.0
66,2,0,0.25,6.0,2.0
66,2,1,0.0,8.0,0.0
66,2,2,0.25,6.0,2.0
66,2,3,0.0,6.0,0.0
66,3,0,0.5,4.0,4.0
66,3,1,0.0,8.0,0.0
66,3,2,0.4,6.0,4.0
66,3,3,0.0,6.0,0.0
66,4,0,0.0,6.0,0.0
66,4,1,0.6,4.0,6.0
66,4,2,0.0,8.0,0.0
66,4,3,0.6,4.0,6.0
66,5,0,0.0,6.0,0.0
66,5,1,0.5,4.0,4.0
66,5,2,0.2,8.0,2.0
66,5,3,0.25,6.0,2.0
66,6,0,0.25,6.0,2.0
66,6,1,0.25,6.0,2.0
66,6,2,0.25,6.0,2.0
66,6,3,0.25,6.0,2.0
66,7,0,0.25,6.0,2.0
66,7,1,0.0,8.0,0.0
66,7,2,0.25,6.0,2.0
66,7,3,0.0,6.0,0.0
66,8,0,0.75,2.0,6.0
66,8,1,0.25,6.0,2.0
66,8,2,0.5714285714285714,6.0,8.0
66,8,3,0.0,6.0,0.0
67,1,0,1.0,0.0,14.0
67,1,1,1.0,0.0,4.0
67,1,2,0.6666666666666666,2.0,4.0
67,1,3,0.8333333333333334,2.0,10.0
67,1,4,0.4,6.0,4.0
67,2,0,0.6666666666666666,2.0,4.0
67,2,1,0.6666666666666666,2.0,4.0
67,2,2,0.6666666666666666,2.0,4.0
67,2,3,0.4,6.0,4.0
67,2,4,0.6666666666666666,4.0,8.0
67,3,0,1.0,0.0,4.0
67,3,1,0.75,2.0,6.0
67,3,2,0.0,4.0,0.0
67,3,3,0.2,8.0,2.0
67,3,4,0.4,6.0,4.0
67,4,0,0.3333333333333333,4.0,2.0
67,4,1,0.5,2.0,2.0
67,4,2,0.75,2.0,6.0
67,4,3,0.8,2.0,8.0
67,4,4,0.2,8.0,2.0
67,5,0,0.3333333333333333,4.0,2.0
67,5,1,0.0,4.0,0.0
67,5,2,0.6666666666666666,2.0,4.0
67,5,3,0.25,6.0,2.0
67,5,4,0.0,8.0,0.0
67,6,0,0.3333333333333333,4.0,2.0
67,6,1,0.3333333333333333,4.0,2.0
67,6,2,0.0,4.0,0.0
67,6,3,0.25,6.0,2.0
67,6,4,0.25,6.0,2.0
67,7,0,0.6666666666666666,2.0,4.0
67,7,1,0.0,4.0,0.0
67,7,2,0.0,4.0,0.0
67,7,3,0.0,8.0,0.0
67,7,4,0.4,6.0,4.0
67,8,0,0.5,2.0,2.0
67,8,1,0.0,4.0,0.0
67,8,2,0.0,4.0,0.0
67,8,3,0.2,8.0,2.0
67,8,4,0.0,8.0,0.0
68,1,0,0.0,8.0,0.0
68,1,1,1.0,0.0,4.0
68,1,2,0.0,6.0,0.0
68,1,3,0.2857142857142857,10.0,4.0
68,2,0,0.4,6.0,4.0
68,2,1,1.0,0.0,4.0
68,2,2,0.25,6.0,2.0
68,2,3,0.42857142857142855,8.0,6.0
68,3,0,0.2,8.0,2.0
68,3,1,0.0,4.0,0.0
68,3,2,0.0,6.0,0.0
68,3,3,0.2,8.0,2.0
68,4,0,0.4,6.0,4.0
68,4,1,0.5,4.0,4.0
68,4,2,0.5,4.0,4.0
68,4,3,0.4,6.0,4.0
68,5,0,0.6,4.0,6.0
68,5,1,0.5,2.0,2.0
68,5,2,0.4,6.0,4.0
68,5,3,0.3333333333333333,8.0,4.0
68,6,0,0.0,8.0,0.0
68,6,1,0.6666666666666666,2.0,4.0
68,6,2,0.0,6.0,0.0
68,6,3,0.3333333333333333,8.0,4.0
68,7,0,0.0,8.0,0.0
68,7,1,0.0,4.0,0.0
68,7,2,0.0,6.0,0.0
68,7,3,0.0,10.0,0.0
68,8,0,0.2,8.0,2.0
68,8,1,0.0,4.0,0.0
68,8,2,0.3333333333333333,4.0,2.0
68,8,3,0.0,10.0,0.0
69,1,0,0.0,4.0,0.0
69,1,1,0.0,10.0,0.0
69,1,2,0.0,14.0,0.0
69,2,0,0.6666666666666666,2.0,4.0
69,2,1,0.3333333333333333,8.0,4.0
69,2,2,0.0,14.0,0.0
69,3,0,1.0,0.0,4.0
69,3,1,0.2857142857142857,10.0,4.0
69,3,2,0.0,14.0,0.0
69,4,0,0.0,4.0,0.0
69,4,1,0.0,10.0,0.0
69,4,2,0.0,14.0,0.0
69,5,0,0.3333333333333333,4.0,2.0
69,5,1,0.2,8.0,2.0
69,5,2,0.0,14.0,0.0
69,6,0,0.3333333333333333,4.0,2.0
69,6,1,0.2,8.0,2.0
69,6,2,0.0,14.0,0.0
69,7,0,0.0,4.0,0.0
69,7,1,0.0,10.0,0.0
69,7,2,0.0,14.0,0.0
69,8,0,0.0,4.0,0.0
69,8,1,0.0,10.0,0.0
69,8,2,0.0,14.0,0.0
70,1,0,0.0,10.0,0.0
70,1,1,0.0,4.0,0.0
70,1,2,0.0,4.0,0.0
70,1,3,0.0,10.0,0.0
70,2,0,0.0,10.0,0.0
70,2,1,0.0,4.0,0.0
70,2,2,0.3333333333333333,4.0,2.0
70,2,3,0.2,8.0,2.0
70,3,0,0.0,10.0,0.0
70,3,1,0.0,4.0,0.0
70,3,2,0.0,4.0,0.0
70,3,3,0.0,10.0,0.0
70,4,0,0.2,8.0,2.0
70,4,1,0.3333333333333333,4.0,2.0
70,4,2,1.0,0.0,6.0
70,4,3,0.42857142857142855,8.0,6.0
70,5,0,0.0,10.0,0.0
70,5,1,0.0,4.0,0.0
70,5,2,1.0,0.0,8.0
70,5,3,0.5714285714285714,6.0,8.0
70,6,0,0.2,8.0,2.0
70,6,1,0.3333333333333333,4.0,2.0
70,6,2,0.0,4.0,0.0
70,6,3,0.0,10.0,0.0
70,7,0,0.2,8.0,2.0
70,7,1,0.3333333333333333,4.0,2.0
70,7,2,0.3333333333333333,4.0,2.0
70,7,3,0.2,8.0,2.0
70,8,0,0.3333333333333333,8.0,4.0
70,8,1,0.6666666666666666,2.0,4.0
70,8,2,0.5,4.0,4.0
70,8,3,0.4,6.0,4.0
71,1,0,0.0,8.0,0.0
71,1,1,0.0,6.0,0.0
71,1,2,0.0,8.0,0.0
71,1,3,0.0,6.0,0.0
71,2,0,0.25,6.0,2.0
71,2,1,0.0,6.0,0.0
71,2,2,0.0,8.0,0.0
71,2,3,0.25,6.0,2.0
71,3,0,0.4,6.0,4.0
71,3,1,0.25,6.0,2.0
71,3,2,0.25,6.0,2.0
71,3,3,0.5,4.0,4.0
71,4,0,0.4,6.0,4.0
71,4,1,0.0,6.0,0.0
71,4,2,0.0,8.0,0.0
71,4,3,0.5,4.0,4.0
71,5,0,0.5,6.0,6.0
71,5,1,0.25,6.0,2.0
71,5,2,0.25,6.0,2.0
71,5,3,0.75,2.0,6.0
71,6,0,0.4,6.0,4.0
71,6,1,0.75,2.0,6.0
71,6,2,0.5,6.0,6.0
71,6,3,0.5,4.0,4.0
71,7,0,0.4,6.0,4.0
71,7,1,0.25,6.0,2.0
71,7,2,0.25,6.0,2.0
71,7,3,0.5,4.0,4.0
71,8,0,0.0,8.0,0.0
71,8,1,0.5,4.0,4.0
71,8,2,0.4,6.0,4.0
71,8,3,0.0,6.0,0.0
72,1,0,0.0,8.0,0.0
72,1,1,0.0,6.0,0.0
72,1,2,0.0,10.0,0.0
72,1,3,0.0,4.0,0.0
72,2,0,0.25,6.0,2.0
72,2,1,0.25,6.0,2.0
72,2,2,0.3333333333333333,8.0,4.0
72,2,3,0.6666666666666666,2.0,4.0
72,3,0,0.0,8.0,0.0
72,3,1,0.0,6.0,0.0
72,3,2,0.0,10.0,0.0
72,3,3,0.0,4.0,0.0
72,4,0,0.0,8.0,0.0
72,4,1,0.0,6.0,0.0
72,4,2,0.16666666666666666,10.0,2.0
72,4,3,0.5,2.0,2.0
72,5,0,0.0,8.0,0.0
72,5,1,0.0,6.0,0.0
72,5,2,0.2,8.0,2.0
72,5,3,0.3333333333333333,4.0,2.0
72,6,0,0.0,8.0,0.0
72,6,1,0.0,6.0,0.0
72,6,2,0.0,10.0,0.0
72,6,3,0.0,4.0,0.0
72,7,0,0.0,8.0,0.0
72,7,1,0.0,6.0,0.0
72,7,2,0.2,8.0,2.0
72,7,3,0.3333333333333333,4.0,2.0
72,8,0,0.0,8.0,0.0
72,8,1,0.0,6.0,0.0
72,8,2,0.0,10.0,0.0
72,8,3,0.0,4.0,0.0
73,1,0,0.0,10.0,0.0
73,1,1,0.0,4.0,0.0
73,1,2,0.3333333333333333,8.0,4.0
73,1,3,0.6666666666666666,2.0,4.0
73,2,0,0.4,6.0,4.0
73,2,1,0.5,4.0,4.0
73,2,2,0.5,6.0,6.0
73,2,3,0.75,2.0,6.0
73,3,0,0.3333333333333333,8.0,4.0
73,3,1,0.6666666666666666,2.0,4.0
73,3,2,0.16666666666666666,10.0,2.0
73,3,3,0.5,2.0,2.0
73,4,0,0.2,8.0,2.0
73,4,1,0.3333333333333333,4.0,2.0
73,4,2,0.2,8.0,2.0
73,4,3,0.3333333333333333,4.0,2.0
73,5,0,0.0,10.0,0.0
73,5,1,0.0,4.0,0.0
73,5,2,0.0,10.0,0.0
73,5,3,0.0,4.0,0.0
73,6,0,0.0,10.0,0.0
73,6,1,0.0,4.0,0.0
73,6,2,0.0,10.0,0.0
73,6,3,0.0,4.0,0.0
73,7,0,0.0,10.0,0.0
73,7,1,0.0,4.0,0.0
73,7,2,0.0,10.0,0.0
73,7,3,0.0,4.0,0.0
73,8,0,0.2857142857142857,10.0,4.0
73,8,1,1.0,0.0,4.0
73,8,2,0.0,10.0,0.0
73,8,3,0.0,4.0,0.0
74,1,0,0.0,10.0,0.0
74,1,1,0.3333333333333333,8.0,4.0
74,1,2,0.6666666666666666,2.0,4.0
74,1,3,0.0,4.0,0.0
74,2,0,0.0,10.0,0.0
74,2,1,0.2,8.0,2.0
74,2,2,0.3333333333333333,4.0,2.0
74,2,3,0.0,4.0,0.0
74,3,0,0.2,8.0,2.0
74,3,1,0.0,10.0,0.0
74,3,2,0.0,4.0,0.0
74,3,3,0.3333333333333333,4.0,2.0
74,4,0,0.16666666666666666,10.0,2.0
74,4,1,0.0,10.0,0.0
74,4,2,0.0,4.0,0.0
74,4,3,0.5,2.0,2.0
74,5,0,0.2,8.0,2.0
74,5,1,0.4,6.0,4.0
74,5,2,0.5,4.0,4.0
74,5,3,0.3333333333333333,4.0,2.0
74,6,0,0.0,10.0,0.0
74,6,1,0.0,10.0,0.0
74,6,2,0.0,4.0,0.0
74,6,3,0.0,4.0,0.0
74,7,0,0.0,10.0,0.0
74,7,1,0.0,10.0,0.0
74,7,2,0.0,4.0,0.0
74,7,3,0.0,4.0,0.0
74,8,0,0.0,10.0,0.0
74,8,1,0.0,10.0,0.0
74,8,2,0.0,4.0,0.0
74,8,3,0.0,4.0,0.0
75,1,0,0.5,4.0,4.0
75,1,1,0.5,4.0,4.0
75,1,2,0.4,6.0,4.0
75,1,3,0.4,6.0,4.0
75,2,0,0.4,6.0,4.0
75,2,1,0.25,6.0,2.0
75,2,2,0.5,4.0,4.0
75,2,3,0.25,6.0,2.0
75,3,0,0.0,8.0,0.0
75,3,1,0.25,6.0,2.0
75,3,2,0.0,6.0,0.0
75,3,3,0.25,6.0,2.0
75,4,0,0.0,8.0,0.0
75,4,1,0.25,6.0,2.0
75,4,2,0.0,6.0,0.0
75,4,3,0.25,6.0,2.0
75,5,0,0.0,8.0,0.0
75,5,1,0.5,6.0,6.0
75,5,2,0.0,6.0,0.0
75,5,3,0.75,2.0,6.0
75,6,0,0.2,8.0,2.0
75,6,1,0.5,4.0,4.0
75,6,2,0.3333333333333333,4.0,2.0
75,6,3,0.4,6.0,4.0
75,7,0,0.0,8.0,0.0
75,7,1,0.0,6.0,0.0
75,7,2,0.0,6.0,0.0
75,7,3,0.0,8.0,0.0
75,8,0,0.4,6.0,4.0
75,8,1,0.6,4.0,6.0
75,8,2,0.5,4.0,4.0
75,8,3,0.6,4.0,6.0
76,1,0,0.0,4.0,0.0
76,1,1,0.16666666666666666,10.0,2.0
76,1,2,0.0,4.0,0.0
76,1,3,0.5,2.0,2.0
76,1,4,0.0,6.0,0.0
76,2,0,0.0,4.0,0.0
76,2,1,0.0,10.0,0.0
76,2,2,0.0,4.0,0.0
76,2,3,0.0,4.0,0.0
76,2,4,0.0,6.0,0.0
76,3,0,0.0,4.0,0.0
76,3,1,0.0,10.0,0.0
76,3,2,0.0,4.0,0.0
76,3,3,0.0,4.0,0.0
76,3,4,0.0,6.0,0.0
76,4,0,0.0,4.0,0.0
76,4,1,0.0,10.0,0.0
76,4,2,0.0,4.0,0.0
76,4,3,0.0,4.0,0.0
76,4,4,0.0,6.0,0.0
76,5,0,0.0,4.0,0.0
76,5,1,0.0,10.0,0.0
76,5,2,0.0,4.0,0.0
76,5,3,0.0,4.0,0.0
76,5,4,0.0,6.0,0.0
76,6,0,0.0,4.0,0.0
76,6,1,0.0,10.0,0.0
76,6,2,0.0,4.0,0.0
76,6,3,0.0,4.0,0.0
76,6,4,0.0,6.0,0.0
76,7,0,0.0,4.0,0.0
76,7,1,0.0,10.0,0.0
76,7,2,0.0,4.0,0.0
76,7,3,0.0,4.0,0.0
76,7,4,0.0,6.0,0.0
76,8,0,0.0,4.0,0.0
76,8,1,0.0,10.0,0.0
76,8,2,0.0,4.0,0.0
76,8,3,0.0,4.0,0.0
76,8,4,0.0,6.0,0.0
77,1,0,0.0,4.0,0.0
77,1,1,0.0,10.0,0.0
77,1,2,0.0,10.0,0.0
77,1,3,0.0,4.0,0.0
77,2,0,0.6666666666666666,2.0,4.0
77,2,1,0.3333333333333333,8.0,4.0
77,2,2,0.5,6.0,6.0
77,2,3,0.75,2.0,6.0
77,3,0,0.0,4.0,0.0
77,3,1,0.0,10.0,0.0
77,3,2,0.2857142857142857,10.0,4.0
77,3,3,1.0,0.0,4.0
77,4,0,0.0,4.0,0.0
77,4,1,0.0,10.0,0.0
77,4,2,0.0,10.0,0.0
77,4,3,0.0,4.0,0.0
77,5,0,0.0,4.0,0.0
77,5,1,0.0,10.0,0.0
77,5,2,0.2,8.0,2.0
77,5,3,0.3333333333333333,4.0,2.0
77,6,0,0.6666666666666666,2.0,4.0
77,6,1,0.3333333333333333,8.0,4.0
77,6,2,0.16666666666666666,10.0,2.0
77,6,3,0.5,2.0,2.0
77,7,0,1.0,0.0,4.0
77,7,1,0.2857142857142857,10.0,4.0
77,7,2,0.0,10.0,0.0
77,7,3,0.0,4.0,0.0
77,8,0,0.5,2.0,2.0
77,8,1,0.16666666666666666,10.0,2.0
77,8,2,0.4,6.0,4.0
77,8,3,0.5,4.0,4.0
78,1,0,0.0,6.0,0.0
78,1,1,0.0,8.0,0.0
78,1,2,0.0,8.0,0.0
78,1,3,0.0,6.0,0.0
78,2,0,0.0,6.0,0.0
78,2,1,0.2,8.0,2.0
78,2,2,0.0,8.0,0.0
78,2,3,0.3333333333333333,4.0,2.0
78,3,0,0.25,6.0,2.0
78,3,1,0.0,8.0,0.0
78,3,2,0.25,6.0,2.0
78,3,3,0.0,6.0,0.0
78,4,0,0.25,6.0,2.0
78,4,1,0.4,6.0,4.0
78,4,2,0.25,6.0,2.0
78,4,3,0.5,4.0,4.0
78,5,0,0.75,2.0,6.0
78,5,1,0.4,6.0,4.0
78,5,2,0.5,6.0,6.0
78,5,3,0.5,4.0,4.0
78,6,0,0.6666666666666666,2.0,4.0
78,6,1,0.0,8.0,0.0
78,6,2,0.3333333333333333,8.0,4.0
78,6,3,0.0,6.0,0.0
78,7,0,0.5,4.0,4.0
78,7,1,0.0,8.0,0.0
78,7,2,0.4,6.0,4.0
78,7,3,0.0,6.0,0.0
78,8,0,0.5,4.0,4.0
78,8,1,0.3333333333333333,8.0,4.0
78,8,2,0.25,6.0,2.0
78,8,3,0.3333333333333333,4.0,2.0
79,1,0,0.3333333333333333,8.0,4.0
79,1,1,0.2,8.0,2.0
79,1,2,0.3333333333333333,4.0,2.0
79,1,3,0.6666666666666666,2.0,4.0
79,2,0,0.0,10.0,0.0
79,2,1,0.0,10.0,0.0
79,2,2,0.0,4.0,0.0
79,2,3,0.0,4.0,0.0
79,3,0,0.3333333333333333,8.0,4.0
79,3,1,0.0,10.0,0.0
79,3,2,0.0,4.0,0.0
79,3,3,0.6666666666666666,2.0,4.0
79,4,0,0.2,8.0,2.0
79,4,1,0.2,8.0,2.0
79,4,2,0.0,4.0,0.0
79,4,3,0.5,4.0,4.0
79,5,0,0.0,10.0,0.0
79,5,1,0.16666666666666666,10.0,2.0
79,5,2,0.5,2.0,2.0
79,5,3,0.0,4.0,0.0
79,6,0,0.0,10.0,0.0
79,6,1,0.0,10.0,0.0
79,6,2,0.0,4.0,0.0
79,6,3,0.0,4.0,0.0
79,7,0,0.0,10.0,0.0
79,7,1,0.0,10.0,0.0
79,7,2,0.0,4.0,0.0
79,7,3,0.0,4.0,0.0
79,8,0,0.0,10.0,0.0
79,8,1,0.0,10.0,0.0
79,8,2,0.0,4.0,0.0
79,8,3,0.0,4.0,0.0
80,1,0,0.2,8.0,2.0
80,1,1,0.3333333333333333,4.0,2.0
80,1,2,0.5,4.0,4.0
80,1,3,0.4,6.0,4.0
80,2,0,0.3333333333333333,8.0,4.0
80,2,1,0.6666666666666666,2.0,4.0
80,2,2,0.3333333333333333,4.0,2.0
80,2,3,0.2,8.0,2.0
80,3,0,0.2,8.0,2.0
80,3,1,0.3333333333333333,4.0,2.0
80,3,2,1.0,0.0,8.0
80,3,3,0.5714285714285714,6.0,8.0
80,4,0,0.0,10.0,0.0
80,4,1,0.0,4.0,0.0
80,4,2,0.6666666666666666,2.0,4.0
80,4,3,0.3333333333333333,8.0,4.0
80,5,0,0.2,8.0,2.0
80,5,1,0.3333333333333333,4.0,2.0
80,5,2,1.0,0.0,6.0
80,5,3,0.42857142857142855,8.0,6.0
80,6,0,0.4,6.0,4.0
80,6,1,0.5,4.0,4.0
80,6,2,0.0,6.0,0.0
80,6,3,0.0,8.0,0.0
80,7,0,0.4,6.0,4.0
80,7,1,0.5,4.0,4.0
80,7,2,0.0,6.0,0.0
80,7,3,0.0,8.0,0.0
80,8,0,0.5,6.0,6.0
80,8,1,0.6666666666666666,2.0,4.0
80,8,2,0.5,4.0,4.0
80,8,3,0.2,8.0,2.0
81,1,0,0.25,6.0,2.0
81,1,1,0.2,8.0,2.0
81,1,2,0.3333333333333333,4.0,2.0
81,1,3,0.25,6.0,2.0
81,2,0,0.25,6.0,2.0
81,2,1,0.0,10.0,0.0
81,2,2,0.0,4.0,0.0
81,2,3,0.25,6.0,2.0
81,3,0,0.4,6.0,4.0
81,3,1,0.16666666666666666,10.0,2.0
81,3,2,0.5,2.0,2.0
81,3,3,0.5,4.0,4.0
81,4,0,0.25,6.0,2.0
81,4,1,0.2,8.0,2.0
81,4,2,0.3333333333333333,4.0,2.0
81,4,3,0.25,6.0,2.0
81,5,0,0.2,8.0,2.0
81,5,1,0.0,10.0,0.0
81,5,2,0.0,4.0,0.0
81,5,3,0.3333333333333333,4.0,2.0
81,6,0,0.0,8.0,0.0
81,6,1,0.0,10.0,0.0
81,6,2,0.0,4.0,0.0
81,6,3,0.0,6.0,0.0
81,7,0,0.2,8.0,2.0
81,7,1,0.0,10.0,0.0
81,7,2,0.0,4.0,0.0
81,7,3,0.3333333333333333,4.0,2.0
81,8,0,0.4,6.0,4.0
81,8,1,0.0,10.0,0.0
81,8,2,0.0,4.0,0.0
81,8,3,0.5,4.0,4.0
82,1,0,0.0,4.0,0.0
82,1,1,0.5,4.0,4.0
82,1,2,0.16666666666666666,10.0,2.0
82,1,3,0.6,4.0,6.0
82,2,0,0.5,2.0,2.0
82,2,1,0.0,8.0,0.0
82,2,2,0.16666666666666666,10.0,2.0
82,2,3,0.0,6.0,0.0
82,3,0,0.0,4.0,0.0
82,3,1,0.0,8.0,0.0
82,3,2,0.0,10.0,0.0
82,3,3,0.0,6.0,0.0
82,4,0,0.3333333333333333,4.0,2.0
82,4,1,0.25,6.0,2.0
82,4,2,0.2,8.0,2.0
82,4,3,0.25,6.0,2.0
82,5,0,0.5,2.0,2.0
82,5,1,0.2,8.0,2.0
82,5,2,0.16666666666666666,10.0,2.0
82,5,3,0.3333333333333333,4.0,2.0
82,6,0,0.6666666666666666,2.0,4.0
82,6,1,0.4,6.0,4.0
82,6,2,0.3333333333333333,8.0,4.0
82,6,3,0.5,4.0,4.0
82,7,0,0.6666666666666666,2.0,4.0
82,7,1,0.25,6.0,2.0
82,7,2,0.3333333333333333,8.0,4.0
82,7,3,0.25,6.0,2.0
82,8,0,0.3333333333333333,4.0,2.0
82,8,1,0.25,6.0,2.0
82,8,2,0.2,8.0,2.0
82,8,3,0.25,6.0,2.0
83,1,0,0.3333333333333333,8.0,4.0
83,1,1,0.0,4.0,0.0
83,1,2,0.0,6.0,0.0
83,1,3,0.4,6.0,4.0
83,2,0,0.2,8.0,2.0
83,2,1,0.0,4.0,0.0
83,2,2,0.0,6.0,0.0
83,2,3,0.2,8.0,2.0
83,3,0,0.0,10.0,0.0
83,3,1,0.0,4.0,0.0
83,3,2,0.25,6.0,2.0
83,3,3,0.25,6.0,2.0
83,4,0,0.2,8.0,2.0
83,4,1,0.0,4.0,0.0
83,4,2,0.75,2.0,6.0
83,4,3,0.5714285714285714,6.0,8.0
83,5,0,0.0,10.0,0.0
83,5,1,0.0,4.0,0.0
83,5,2,0.0,6.0,0.0
83,5,3,0.0,8.0,0.0
83,6,0,0.3333333333333333,8.0,4.0
83,6,1,0.3333333333333333,4.0,2.0
83,6,2,0.0,6.0,0.0
83,6,3,0.25,6.0,2.0
83,7,0,0.0,10.0,0.0
83,7,1,0.0,4.0,0.0
83,7,2,0.0,6.0,0.0
83,7,3,0.0,8.0,0.0
83,8,0,0.0,10.0,0.0
83,8,1,0.0,4.0,0.0
83,8,2,0.3333333333333333,4.0,2.0
83,8,3,0.2,8.0,2.0
84,1,0,0.6666666666666666,2.0,4.0
84,1,1,0.0,10.0,0.0
84,1,2,0.3333333333333333,8.0,4.0
84,1,3,0.0,4.0,0.0
84,2,0,0.6,4.0,6.0
84,2,1,0.6,4.0,6.0
84,2,2,0.5,6.0,6.0
84,2,3,0.3333333333333333,4.0,2.0
84,3,0,0.6666666666666666,4.0,8.0
84,3,1,0.6,4.0,6.0
84,3,2,0.4,6.0,4.0
84,3,3,0.3333333333333333,4.0,2.0
84,4,0,1.0,0.0,6.0
84,4,1,0.42857142857142855,8.0,6.0
84,4,2,0.0,10.0,0.0
84,4,3,0.0,4.0,0.0
84,5,0,1.0,0.0,6.0
84,5,1,0.42857142857142855,8.0,6.0
84,5,2,0.0,10.0,0.0
84,5,3,0.0,4.0,0.0
84,6,0,0.0,4.0,0.0
84,6,1,0.0,10.0,0.0
84,6,2,0.0,10.0,0.0
84,6,3,0.0,4.0,0.0
84,7,0,0.0,4.0,0.0
84,7,1,0.0,10.0,0.0
84,7,2,0.0,10.0,0.0
84,7,3,0.0,4.0,0.0
84,8,0,0.5,2.0,2.0
84,8,1,0.16666666666666666,10.0,2.0
84,8,2,0.0,10.0,0.0
84,8,3,0.0,4.0,0.0
85,1,0,0.3333333333333333,4.0,2.0
85,1,1,0.0,14.0,0.0
85,1,2,0.2,8.0,2.0
85,2,0,0.3333333333333333,4.0,2.0
85,2,1,0.0,14.0,0.0
85,2,2,0.2,8.0,2.0
85,3,0,0.0,6.0,0.0
85,3,1,0.0,14.0,0.0
85,3,2,0.0,8.0,0.0
85,4,0,0.0,6.0,0.0
85,4,1,0.0,14.0,0.0
85,4,2,0.0,8.0,0.0
85,5,0,0.0,6.0,0.0
85,5,1,0.0,14.0,0.0
85,5,2,0.0,8.0,0.0
85,6,0,0.0,6.0,0.0
85,6,1,0.0,14.0,0.0
85,6,2,0.0,8.0,0.0
85,7,0,0.0,6.0,0.0
85,7,1,0.0,14.0,0.0
85,7,2,0.0,8.0,0.0
85,8,0,0.5,4.0,4.0
85,8,1,0.0,14.0,0.0
85,8,2,0.4,6.0,4.0
86,1,0,0.0,10.0,0.0
86,1,1,0.0,4.0,0.0
86,1,2,0.0,14.0,0.0
86,2,0,0.2,8.0,2.0
86,2,1,0.3333333333333333,4.0,2.0
86,2,2,0.0,14.0,0.0
86,3,0,0.2,8.0,2.0
86,3,1,0.3333333333333333,4.0,2.0
86,3,2,0.0,14.0,0.0
86,4,0,0.0,10.0,0.0
86,4,1,0.0,4.0,0.0
86,4,2,0.0,14.0,0.0
86,5,0,0.0,10.0,0.0
86,5,1,0.0,4.0,0.0
86,5,2,0.0,14.0,0.0
86,6,0,0.0,10.0,0.0
86,6,1,0.0,4.0,0.0
86,6,2,0.0,14.0,0.0
86,7,0,0.2,8.0,2.0
86,7,1,0.3333333333333333,4.0,2.0
86,7,2,0.0,14.0,0.0
86,8,0,0.0,10.0,0.0
86,8,1,0.0,4.0,0.0
86,8,2,0.0,14.0,0.0
87,1,0,0.2,8.0,2.0
87,1,1,0.3333333333333333,4.0,2.0
87,1,2,0.0,10.0,0.0
87,1,3,0.0,4.0,0.0
87,2,0,0.25,6.0,2.0
87,2,1,0.25,6.0,2.0
87,2,2,0.2,8.0,2.0
87,2,3,0.3333333333333333,4.0,2.0
87,3,0,0.0,8.0,0.0
87,3,1,0.0,6.0,0.0
87,3,2,0.2,8.0,2.0
87,3,3,0.3333333333333333,4.0,2.0
87,4,0,0.25,6.0,2.0
87,4,1,0.25,6.0,2.0
87,4,2,0.0,10.0,0.0
87,4,3,0.0,4.0,0.0
87,5,0,0.4,6.0,4.0
87,5,1,0.5,4.0,4.0
87,5,2,0.0,10.0,0.0
87,5,3,0.0,4.0,0.0
87,6,0,0.2,8.0,2.0
87,6,1,0.3333333333333333,4.0,2.0
87,6,2,0.0,10.0,0.0
87,6,3,0.0,4.0,0.0
87,7,0,0.2,8.0,2.0
87,7,1,0.3333333333333333,4.0,2.0
87,7,2,0.16666666666666666,10.0,2.0
87,7,3,0.5,2.0,2.0
87,8,0,0.2,8.0,2.0
87,8,1,0.3333333333333333,4.0,2.0
87,8,2,0.16666666666666666,10.0,2.0
87,8,3,0.5,2.0,2.0
88,1,0,0.25,6.0,2.0
88,1,1,0.0,4.0,0.0
88,1,2,0.3333333333333333,8.0,4.0
88,1,3,0.5,2.0,2.0
88,1,4,0.0,4.0,0.0
88,2,0,0.4,6.0,4.0
88,2,1,0.0,4.0,0.0
88,2,2,0.4,6.0,4.0
88,2,3,0.0,4.0,0.0
88,2,4,0.0,4.0,0.0
88,3,0,0.25,6.0,2.0
88,3,1,0.0,4.0,0.0
88,3,2,0.2,8.0,2.0
88,3,3,0.0,4.0,0.0
88,3,4,0.0,4.0,0.0
88,4,0,0.0,8.0,0.0
88,4,1,0.0,4.0,0.0
88,4,2,0.4,6.0,4.0
88,4,3,0.0,4.0,0.0
88,4,4,0.6666666666666666,2.0,4.0
88,5,0,0.25,6.0,2.0
88,5,1,0.0,4.0,0.0
88,5,2,0.4,6.0,4.0
88,5,3,0.0,4.0,0.0
88,5,4,0.3333333333333333,4.0,2.0
88,6,0,0.0,8.0,0.0
88,6,1,0.0,4.0,0.0
88,6,2,0.0,8.0,0.0
88,6,3,0.0,4.0,0.0
88,6,4,0.0,4.0,0.0
88,7,0,0.0,8.0,0.0
88,7,1,0.0,4.0,0.0
88,7,2,0.0,8.0,0.0
88,7,3,0.0,4.0,0.0
88,7,4,0.0,4.0,0.0
88,8,0,0.25,6.0,2.0
88,8,1,0.0,4.0,0.0
88,8,2,0.2,8.0,2.0
88,8,3,0.0,4.0,0.0
88,8,4,0.0,4.0,0.0
89,1,0,0.3333333333333333,4.0,2.0
89,1,1,0.3333333333333333,4.0,2.0
89,1,2,1.0,0.0,8.0
89,1,3,0.3333333333333333,4.0,2.0
89,1,4,0.75,2.0,6.0
89,1,5,0.0,4.0,0.0
89,2,0,0.3333333333333333,4.0,2.0
89,2,1,0.3333333333333333,4.0,2.0
89,2,2,0.5,4.0,4.0
89,2,3,0.5,2.0,2.0
89,2,4,0.3333333333333333,4.0,2.0
89,2,5,0.0,4.0,0.0
89,3,0,0.3333333333333333,4.0,2.0
89,3,1,0.3333333333333333,4.0,2.0
89,3,2,0.5,4.0,4.0
89,3,3,0.5,2.0,2.0
89,3,4,0.3333333333333333,4.0,2.0
89,3,5,0.0,4.0,0.0
89,4,0,0.6666666666666666,2.0,4.0
89,4,1,0.0,4.0,0.0
89,4,2,0.5,4.0,4.0
89,4,3,0.5,2.0,2.0
89,4,4,0.3333333333333333,4.0,2.0
89,4,5,0.5,4.0,4.0
89,5,0,0.3333333333333333,4.0,2.0
89,5,1,0.0,4.0,0.0
89,5,2,0.3333333333333333,4.0,2.0
89,5,3,0.3333333333333333,4.0,2.0
89,5,4,0.0,4.0,0.0
89,5,5,0.3333333333333333,4.0,2.0
89,6,0,0.3333333333333333,4.0,2.0
89,6,1,0.0,4.0,0.0
89,6,2,0.0,6.0,0.0
89,6,3,0.0,4.0,0.0
89,6,4,0.0,4.0,0.0
89,6,5,0.3333333333333333,4.0,2.0
89,7,0,0.25,6.0,2.0
89,7,1,0.6666666666666666,2.0,4.0
89,7,2,0.25,6.0,2.0
89,7,3,0.5,2.0,2.0
89,7,4,0.0,4.0,0.0
89,7,5,1.0,0.0,6.0
89,8,0,0.4,6.0,4.0
89,8,1,1.0,0.0,4.0
89,8,2,0.0,6.0,0.0
89,8,3,0.0,4.0,0.0
89,8,4,0.0,4.0,0.0
89,8,5,0.6666666666666666,2.0,4.0
90,1,0,0.5,4.0,4.0
90,1,1,0.0,14.0,0.0
90,1,2,0.0,4.0,0.0
90,1,3,0.6666666666666666,2.0,4.0
90,2,0,0.3333333333333333,4.0,2.0
90,2,1,0.0,14.0,0.0
90,2,2,0.5,4.0,4.0
90,2,3,0.5,2.0,2.0
90,3,0,0.0,6.0,0.0
90,3,1,0.0,14.0,0.0
90,3,2,0.0,4.0,0.0
90,3,3,0.0,4.0,0.0
90,4,0,0.0,6.0,0.0
90,4,1,0.0,14.0,0.0
90,4,2,0.0,4.0,0.0
90,4,3,0.0,4.0,0.0
90,5,0,0.5,4.0,4.0
90,5,1,0.0,14.0,0.0
90,5,2,1.0,0.0,6.0
90,5,3,0.3333333333333333,4.0,2.0
90,6,0,0.0,6.0,0.0
90,6,1,0.0,14.0,0.0
90,6,2,0.5,2.0,2.0
90,6,3,0.3333333333333333,4.0,2.0
90,7,0,0.0,6.0,0.0
90,7,1,0.0,14.0,0.0
90,7,2,0.5,2.0,2.0
90,7,3,0.3333333333333333,4.0,2.0
90,8,0,0.0,6.0,0.0
90,8,1,0.0,14.0,0.0
90,8,2,0.0,4.0,0.0
90,8,3,0.0,4.0,0.0
91,1,0,0.0,14.0,0.0
91,1,1,0.0,4.0,0.0
91,1,2,0.0,4.0,0.0
91,1,3,0.0,6.0,0.0
91,2,0,0.0,14.0,0.0
91,2,1,0.5,2.0,2.0
91,2,2,0.0,4.0,0.0
91,2,3,0.25,6.0,2.0
91,3,0,0.0,14.0,0.0
91,3,1,1.0,0.0,8.0
91,3,2,0.6666666666666666,2.0,4.0
91,3,3,0.5,4.0,4.0
91,4,0,0.0,14.0,0.0
91,4,1,0.0,4.0,0.0
91,4,2,0.0,4.0,0.0
91,4,3,0.0,6.0,0.0
91,5,0,0.0,14.0,0.0
91,5,1,0.0,4.0,0.0
91,5,2,0.0,4.0,0.0
91,5,3,0.0,6.0,0.0
91,6,0,0.0,14.0,0.0
91,6,1,0.0,4.0,0.0
91,6,2,0.0,4.0,0.0
91,6,3,0.0,6.0,0.0
91,7,0,0.0,14.0,0.0
91,7,1,0.0,4.0,0.0
91,7,2,0.0,4.0,0.0
91,7,3,0.0,6.0,0.0
91,8,0,0.0,14.0,0.0
91,8,1,0.0,4.0,0.0
91,8,2,0.0,4.0,0.0
91,8,3,0.0,6.0,0.0
92,1,0,0.0,10.0,0.0
92,1,1,0.0,4.0,0.0
92,1,2,0.0,6.0,0.0
92,1,3,0.0,8.0,0.0
92,2,0,0.0,10.0,0.0
92,2,1,0.0,4.0,0.0
92,2,2,0.25,6.0,2.0
92,2,3,0.25,6.0,2.0
92,3,0,0.0,10.0,0.0
92,3,1,0.0,4.0,0.0
92,3,2,0.0,6.0,0.0
92,3,3,0.0,8.0,0.0
92,4,0,0.0,10.0,0.0
92,4,1,0.0,4.0,0.0
92,4,2,0.0,6.0,0.0
92,4,3,0.0,8.0,0.0
92,5,0,0.2,8.0,2.0
92,5,1,0.3333333333333333,4.0,2.0
92,5,2,0.0,6.0,0.0
92,5,3,0.0,8.0,0.0
92,6,0,0.2,8.0,2.0
92,6,1,0.0,4.0,0.0
92,6,2,0.25,6.0,2.0
92,6,3,0.0,8.0,0.0
92,7,0,0.5,6.0,6.0
92,7,1,0.75,2.0,6.0
92,7,2,0.0,6.0,0.0
92,7,3,0.0,8.0,0.0
92,8,0,0.5714285714285714,6.0,8.0
92,8,1,1.0,0.0,8.0
92,8,2,0.0,6.0,0.0
92,8,3,0.0,8.0,0.0
93,1,0,0.2,8.0,2.0
93,1,1,0.3333333333333333,4.0,2.0
93,1,2,0.2,8.0,2.0
93,1,3,0.3333333333333333,4.0,2.0
93,2,0,0.25,6.0,2.0
93,2,1,0.3333333333333333,4.0,2.0
93,2,2,0.2,8.0,2.0
93,2,3,0.25,6.0,2.0
93,3,0,0.0,8.0,0.0
93,3,1,0.3333333333333333,4.0,2.0
93,3,2,0.2,8.0,2.0
93,3,3,0.0,6.0,0.0
93,4,0,0.4,6.0,4.0
93,4,1,0.0,4.0,0.0
93,4,2,0.0,10.0,0.0
93,4,3,0.5,4.0,4.0
93,5,0,1.0,0.0,12.0
93,5,1,0.0,4.0,0.0
93,5,2,0.0,10.0,0.0
93,5,3,0.8571428571428571,2.0,12.0
93,6,0,0.4,6.0,4.0
93,6,1,0.0,4.0,0.0
93,6,2,0.0,10.0,0.0
93,6,3,0.5,4.0,4.0
93,7,0,0.0,8.0,0.0
93,7,1,0.0,4.0,0.0
93,7,2,0.0,10.0,0.0
93,7,3,0.0,6.0,0.0
93,8,0,0.0,8.0,0.0
93,8,1,0.0,4.0,0.0
93,8,2,0.0,10.0,0.0
93,8,3,0.0,6.0,0.0
94,1,0,0.4,6.0,4.0
94,1,1,0.3333333333333333,4.0,2.0
94,1,2,0.42857142857142855,8.0,6.0
94,1,3,0.6666666666666666,2.0,4.0
94,2,0,0.0,8.0,0.0
94,2,1,0.0,6.0,0.0
94,2,2,0.3333333333333333,8.0,4.0
94,2,3,0.6666666666666666,2.0,4.0
94,3,0,0.0,8.0,0.0
94,3,1,0.0,6.0,0.0
94,3,2,0.3333333333333333,8.0,4.0
94,3,3,0.6666666666666666,2.0,4.0
94,4,0,0.0,8.0,0.0
94,4,1,0.0,6.0,0.0
94,4,2,0.42857142857142855,8.0,6.0
94,4,3,1.0,0.0,6.0
94,5,0,0.6,4.0,6.0
94,5,1,0.6,4.0,6.0
94,5,2,0.0,10.0,0.0
94,5,3,0.0,4.0,0.0
94,6,0,0.4,6.0,4.0
94,6,1,0.5,4.0,4.0
94,6,2,0.0,10.0,0.0
94,6,3,0.0,4.0,0.0
94,7,0,0.6,4.0,6.0
94,7,1,0.6,4.0,6.0
94,7,2,0.0,10.0,0.0
94,7,3,0.0,4.0,0.0
94,8,0,1.0,0.0,8.0
94,8,1,0.5714285714285714,6.0,8.0
94,8,2,0.0,10.0,0.0
94,8,3,0.0,4.0,0.0
95,1,0,0.0,14.0,0.0
95,1,1,0.3333333333333333,4.0,2.0
95,1,2,0.2,8.0,2.0
95,2,0,0.0,14.0,0.0
95,2,1,0.75,2.0,6.0
95,2,2,0.5,6.0,6.0
95,3,0,0.0,14.0,0.0
95,3,1,0.0,6.0,0.0
95,3,2,0.0,8.0,0.0
95,4,0,0.0,14.0,0.0
95,4,1,0.3333333333333333,4.0,2.0
95,4,2,0.2,8.0,2.0
95,5,0,0.0,14.0,0.0
95,5,1,0.25,6.0,2.0
95,5,2,0.25,6.0,2.0
95,6,0,0.0,14.0,0.0
95,6,1,0.5,4.0,4.0
95,6,2,0.4,6.0,4.0
95,7,0,0.14285714285714285,12.0,2.0
95,7,1,0.25,6.0,2.0
95,7,2,0.4,6.0,4.0
95,8,0,0.0,14.0,0.0
95,8,1,0.3333333333333333,4.0,2.0
95,8,2,0.2,8.0,2.0
96,1,0,0.0,6.0,0.0
96,1,1,0.0,4.0,0.0
96,1,2,0.0,4.0,0.0
96,1,3,0.3333333333333333,4.0,2.0
96,1,4,0.0,4.0,0.0
96,1,5,0.3333333333333333,4.0,2.0
96,2,0,0.0,6.0,0.0
96,2,1,0.3333333333333333,4.0,2.0
96,2,2,0.0,4.0,0.0
96,2,3,0.3333333333333333,4.0,2.0
96,2,4,0.0,4.0,0.0
96,2,5,0.6666666666666666,2.0,4.0
96,3,0,0.25,6.0,2.0
96,3,1,0.0,4.0,0.0
96,3,2,0.0,4.0,0.0
96,3,3,0.5,2.0,2.0
96,3,4,0.5,2.0,2.0
96,3,5,0.25,6.0,2.0
96,4,0,0.25,6.0,2.0
96,4,1,0.3333333333333333,4.0,2.0
96,4,2,0.0,4.0,0.0
96,4,3,0.5,4.0,4.0
96,4,4,0.5,2.0,2.0
96,4,5,1.0,0.0,6.0
96,5,0,0.0,6.0,0.0
96,5,1,0.0,4.0,0.0
96,5,2,0.0,4.0,0.0
96,5,3,0.0,4.0,0.0
96,5,4,0.0,4.0,0.0
96,5,5,0.0,6.0,0.0
96,6,0,0.0,6.0,0.0
96,6,1,0.6666666666666666,2.0,4.0
96,6,2,0.0,4.0,0.0
96,6,3,0.0,4.0,0.0
96,6,4,0.0,4.0,0.0
96,6,5,0.5,4.0,4.0
96,7,0,0.25,6.0,2.0
96,7,1,0.0,4.0,0.0
96,7,2,0.0,4.0,0.0
96,7,3,0.0,4.0,0.0
96,7,4,0.5,2.0,2.0
96,7,5,0.0,6.0,0.0
96,8,0,0.25,6.0,2.0
96,8,1,0.6666666666666666,2.0,4.0
96,8,2,0.0,4.0,0.0
96,8,3,0.0,4.0,0.0
96,8,4,0.5,2.0,2.0
96,8,5,0.5,4.0,4.0
97,1,0,0.5,4.0,4.0
97,1,1,0.2,8.0,2.0
97,1,2,0.4,6.0,4.0
97,1,3,0.3333333333333333,4.0,2.0
97,2,0,0.5,4.0,4.0
97,2,1,0.0,10.0,0.0
97,2,2,0.4,6.0,4.0
97,2,3,0.0,4.0,0.0
97,3,0,0.25,6.0,2.0
97,3,1,0.0,10.0,0.0
97,3,2,0.25,6.0,2.0
97,3,3,0.0,4.0,0.0
97,4,0,0.25,6.0,2.0
97,4,1,0.0,10.0,0.0
97,4,2,0.25,6.0,2.0
97,4,3,0.0,4.0,0.0
97,5,0,0.5,4.0,4.0
97,5,1,0.0,10.0,0.0
97,5,2,0.4,6.0,4.0
97,5,3,0.0,4.0,0.0
97,6,0,0.3333333333333333,4.0,2.0
97,6,1,0.0,10.0,0.0
97,6,2,0.2,8.0,2.0
97,6,3,0.0,4.0,0.0
97,7,0,0.0,6.0,0.0
97,7,1,0.2,8.0,2.0
97,7,2,0.0,8.0,0.0
97,7,3,0.3333333333333333,4.0,2.0
97,8,0,0.25,6.0,2.0
97,8,1,0.0,10.0,0.0
97,8,2,0.25,6.0,2.0
97,8,3,0.0,4.0,0.0
98,1,0,0.0,4.0,0.0
98,1,1,0.4,6.0,4.0
98,1,2,0.6666666666666666,2.0,4.0
98,1,3,0.0,12.0,0.0
98,2,0,0.0,4.0,0.0
98,2,1,0.0,8.0,0.0
98,2,2,0.0,4.0,0.0
98,2,3,0.0,12.0,0.0
98,3,0,0.0,4.0,0.0
98,3,1,0.0,8.0,0.0
98,3,2,0.0,4.0,0.0
98,3,3,0.0,12.0,0.0
98,4,0,0.0,4.0,0.0
98,4,1,0.25,6.0,2.0
98,4,2,0.0,4.0,0.0
98,4,3,0.14285714285714285,12.0,2.0
98,5,0,0.3333333333333333,4.0,2.0
98,5,1,0.6,4.0,6.0
98,5,2,0.0,4.0,0.0
98,5,3,0.2857142857142857,10.0,4.0
98,6,0,0.0,4.0,0.0
98,6,1,0.5,4.0,4.0
98,6,2,0.3333333333333333,4.0,2.0
98,6,3,0.14285714285714285,12.0,2.0
98,7,0,0.0,4.0,0.0
98,7,1,0.25,6.0,2.0
98,7,2,0.0,4.0,0.0
98,7,3,0.14285714285714285,12.0,2.0
98,8,0,0.3333333333333333,4.0,2.0
98,8,1,0.4,6.0,4.0
98,8,2,0.0,4.0,0.0
98,8,3,0.16666666666666666,10.0,2.0
99,1,0,0.0,4.0,0.0
99,1,1,0.0,4.0,0.0
99,1,2,0.0,10.0,0.0
99,1,3,0.0,10.0,0.0
99,2,0,0.0,4.0,0.0
99,2,1,0.3333333333333333,4.0,2.0
99,2,2,0.0,10.0,0.0
99,2,3,0.2,8.0,2.0
99,3,0,0.3333333333333333,4.0,2.0
99,3,1,0.3333333333333333,4.0,2.0
99,3,2,0.2,8.0,2.0
99,3,3,0.2,8.0,2.0
99,4,0,0.0,4.0,0.0
99,4,1,0.5,4.0,4.0
99,4,2,0.0,10.0,0.0
99,4,3,0.4,6.0,4.0
99,5,0,0.0,4.0,0.0
99,5,1,0.0,4.0,0.0
99,5,2,0.0,10.0,0.0
99,5,3,0.0,10.0,0.0
99,6,0,0.0,4.0,0.0
99,6,1,0.0,4.0,0.0
99,6,2,0.0,10.0,0.0
99,6,3,0.0,10.0,0.0
99,7,0,0.0,4.0,0.0
99,7,1,0.0,4.0,0.0
99,7,2,0.0,10.0,0.0
99,7,3,0.0,10.0,0.0
99,8,0,0.0,4.0,0.0
99,8,1,0.0,4.0,0.0
99,8,2,0.0,10.0,0.0
99,8,3,0.0,10.0,0.0
100,1,0,0.25,6.0,2.0
100,1,1,0.0,4.0,0.0
100,1,2,0.0,6.0,0.0
100,1,3,0.25,6.0,2.0
100,1,4,0.0,4.0,0.0
100,2,0,0.25,6.0,2.0
100,2,1,0.0,4.0,0.0
100,2,2,0.0,6.0,0.0
100,2,3,0.25,6.0,2.0
100,2,4,0.0,4.0,0.0
100,3,0,0.0,8.0,0.0
100,3,1,0.0,4.0,0.0
100,3,2,0.0,6.0,0.0
100,3,3,0.3333333333333333,4.0,2.0
100,3,4,0.3333333333333333,4.0,2.0
100,4,0,0.0,8.0,0.0
100,4,1,0.0,4.0,0.0
100,4,2,0.0,6.0,0.0
100,4,3,0.0,6.0,0.0
100,4,4,0.0,4.0,0.0
100,5,0,0.0,8.0,0.0
100,5,1,0.0,4.0,0.0
100,5,2,0.0,6.0,0.0
100,5,3,0.0,6.0,0.0
100,5,4,0.0,4.0,0.0
100,6,0,0.0,8.0,0.0
100,6,1,0.0,4.0,0.0
100,6,2,0.0,6.0,0.0
100,6,3,0.0,6.0,0.0
100,6,4,0.0,4.0,0.0
100,7,0,0.2,8.0,2.0
100,7,1,0.0,4.0,0.0
100,7,2,0.3333333333333333,4.0,2.0
100,7,3,0.0,6.0,0.0
100,7,4,0.0,4.0,0.0
100,8,0,0.2,8.0,2.0
100,8,1,0.0,4.0,0.0
100,8,2,0.3333333333333333,4.0,2.0
100,8,3,0.0,6.0,0.0
100,8,4,0.0,4.0,0.0
